price,qty,side,timestamp
106995.44,6.44778,buy,2025-07-02 07:52:09.600172
106995.27,0.0001,buy,2025-07-02 07:52:09.600172
106995.26,0.07106,buy,2025-07-02 07:52:09.600172
106995.0,0.0006,buy,2025-07-02 07:52:09.600172
106994.83,0.0001,buy,2025-07-02 07:52:09.600172
106994.82,0.17015,buy,2025-07-02 07:52:09.600172
106994.64,0.0001,buy,2025-07-02 07:52:09.600172
106994.63,0.17005,buy,2025-07-02 07:52:09.600172
106994.55,0.0001,buy,2025-07-02 07:52:09.600172
106994.54,0.17012,buy,2025-07-02 07:52:09.600172
106994.5,0.00025,buy,2025-07-02 07:52:09.600172
106994.4,0.0014,buy,2025-07-02 07:52:09.600172
106994.3,0.0004,buy,2025-07-02 07:52:09.600172
106994.29,0.64002,buy,2025-07-02 07:52:09.600172
106994.28,0.16998,buy,2025-07-02 07:52:09.600172
106994.12,5e-05,buy,2025-07-02 07:52:09.600172
106994.0,0.00025,buy,2025-07-02 07:52:09.600172
106993.6,0.00035,buy,2025-07-02 07:52:09.600172
106993.5,0.00025,buy,2025-07-02 07:52:09.600172
106993.3,0.00049,buy,2025-07-02 07:52:09.600172
106993.05,5e-05,buy,2025-07-02 07:52:09.600172
106993.0,0.00025,buy,2025-07-02 07:52:09.600172
106992.96,0.06967,buy,2025-07-02 07:52:09.600172
106992.91,0.16998,buy,2025-07-02 07:52:09.600172
106992.9,0.00035,buy,2025-07-02 07:52:09.600172
106992.5,0.00025,buy,2025-07-02 07:52:09.600172
106992.46,0.00132,buy,2025-07-02 07:52:09.600172
106992.45,0.33649,buy,2025-07-02 07:52:09.600172
106992.2,0.00035,buy,2025-07-02 07:52:09.600172
106992.0,0.00025,buy,2025-07-02 07:52:09.600172
106991.51,0.0002,buy,2025-07-02 07:52:09.600172
106991.5,0.0006,buy,2025-07-02 07:52:09.600172
106991.0,0.00025,buy,2025-07-02 07:52:09.600172
106990.92,5e-05,buy,2025-07-02 07:52:09.600172
106990.42,0.16988,buy,2025-07-02 07:52:09.600172
106990.09,0.18698,buy,2025-07-02 07:52:09.600172
106989.98,0.33639,buy,2025-07-02 07:52:09.600172
106989.95,0.24084,buy,2025-07-02 07:52:09.600172
106989.94,0.12779,buy,2025-07-02 07:52:09.600172
106989.88,0.00562,buy,2025-07-02 07:52:09.600172
106989.65,0.10471,buy,2025-07-02 07:52:09.600172
106989.51,5e-05,buy,2025-07-02 07:52:09.600172
106989.5,0.00025,buy,2025-07-02 07:52:09.600172
106989.4,0.00035,buy,2025-07-02 07:52:09.600172
106989.3,0.50005,buy,2025-07-02 07:52:09.600172
106989.01,0.16404,buy,2025-07-02 07:52:09.600172
106989.0,0.00025,buy,2025-07-02 07:52:09.600172
106988.88,0.01823,buy,2025-07-02 07:52:09.600172
106988.7,0.00035,buy,2025-07-02 07:52:09.600172
106988.54,0.002,buy,2025-07-02 07:52:09.600172
106988.5,0.00025,buy,2025-07-02 07:52:09.600172
106988.42,0.30761,buy,2025-07-02 07:52:09.600172
106988.32,0.00105,buy,2025-07-02 07:52:09.600172
106988.0,0.0006,buy,2025-07-02 07:52:09.600172
106987.5,0.00025,buy,2025-07-02 07:52:09.600172
106987.42,0.00089,buy,2025-07-02 07:52:09.600172
106987.3,0.00035,buy,2025-07-02 07:52:09.600172
106987.0,0.00025,buy,2025-07-02 07:52:09.600172
106986.74,0.3364,buy,2025-07-02 07:52:09.600172
106986.6,0.00035,buy,2025-07-02 07:52:09.600172
106986.5,0.00025,buy,2025-07-02 07:52:09.600172
106986.45,0.00846,buy,2025-07-02 07:52:09.600172
106986.0,0.00153,buy,2025-07-02 07:52:09.600172
106985.9,0.00167,buy,2025-07-02 07:52:09.600172
106985.62,0.0707,buy,2025-07-02 07:52:09.600172
106985.5,0.00025,buy,2025-07-02 07:52:09.600172
106985.45,5e-05,buy,2025-07-02 07:52:09.600172
106985.2,0.00035,buy,2025-07-02 07:52:09.600172
106985.0,0.00025,buy,2025-07-02 07:52:09.600172
106984.96,0.33641,buy,2025-07-02 07:52:09.600172
106984.74,0.00233,buy,2025-07-02 07:52:09.600172
106984.5,0.0006,buy,2025-07-02 07:52:09.600172
106984.25,0.09346,buy,2025-07-02 07:52:09.600172
106984.19,0.17128,buy,2025-07-02 07:52:09.600172
106984.0,0.00025,buy,2025-07-02 07:52:09.600172
106983.8,0.00035,buy,2025-07-02 07:52:09.600172
106983.5,0.00025,buy,2025-07-02 07:52:09.600172
106983.39,0.41667,buy,2025-07-02 07:52:09.600172
106983.1,0.00035,buy,2025-07-02 07:52:09.600172
106983.0,0.00025,buy,2025-07-02 07:52:09.600172
106982.54,0.03739,buy,2025-07-02 07:52:09.600172
106982.5,0.00025,buy,2025-07-02 07:52:09.600172
106982.4,0.00035,buy,2025-07-02 07:52:09.600172
106982.0,0.00025,buy,2025-07-02 07:52:09.600172
106981.84,5e-05,buy,2025-07-02 07:52:09.600172
106981.74,0.00467,buy,2025-07-02 07:52:09.600172
106981.72,0.00075,buy,2025-07-02 07:52:09.600172
106981.7,0.00035,buy,2025-07-02 07:52:09.600172
106981.5,0.00025,buy,2025-07-02 07:52:09.600172
106981.38,5e-05,buy,2025-07-02 07:52:09.600172
106981.27,0.00089,buy,2025-07-02 07:52:09.600172
106981.18,0.0001,buy,2025-07-02 07:52:09.600172
106981.0,0.0006,buy,2025-07-02 07:52:09.600172
106980.66,8e-05,buy,2025-07-02 07:52:09.600172
106980.5,0.00025,buy,2025-07-02 07:52:09.600172
106980.3,0.00035,buy,2025-07-02 07:52:09.600172
106980.0,0.0003,buy,2025-07-02 07:52:09.600172
106979.85,0.048,buy,2025-07-02 07:52:09.600172
106979.67,5e-05,buy,2025-07-02 07:52:09.600172
106979.6,0.00035,buy,2025-07-02 07:52:09.600172
106979.58,0.17128,buy,2025-07-02 07:52:09.600172
106979.5,0.07945,buy,2025-07-02 07:52:09.600172
106979.39,0.003,buy,2025-07-02 07:52:09.600172
106979.24,0.585,buy,2025-07-02 07:52:09.600172
106979.16,0.6,buy,2025-07-02 07:52:09.600172
106979.0,0.00025,buy,2025-07-02 07:52:09.600172
106978.9,0.00035,buy,2025-07-02 07:52:09.600172
106978.73,0.0026,buy,2025-07-02 07:52:09.600172
106978.5,0.00025,buy,2025-07-02 07:52:09.600172
106978.39,0.00759,buy,2025-07-02 07:52:09.600172
106978.26,0.00771,buy,2025-07-02 07:52:09.600172
106978.2,0.00035,buy,2025-07-02 07:52:09.600172
106978.12,0.07438,buy,2025-07-02 07:52:09.600172
106978.0,0.00183,buy,2025-07-02 07:52:09.600172
106977.72,0.68265,buy,2025-07-02 07:52:09.600172
106977.71,0.92696,buy,2025-07-02 07:52:09.600172
106977.7,0.37118,buy,2025-07-02 07:52:09.600172
106977.52,0.00464,buy,2025-07-02 07:52:09.600172
106977.5,0.00435,buy,2025-07-02 07:52:09.600172
106977.32,5e-05,buy,2025-07-02 07:52:09.600172
106977.26,0.0001,buy,2025-07-02 07:52:09.600172
106977.23,0.00683,buy,2025-07-02 07:52:09.600172
106977.12,0.0056,buy,2025-07-02 07:52:09.600172
106977.06,0.56094,buy,2025-07-02 07:52:09.600172
106977.0,0.00025,buy,2025-07-02 07:52:09.600172
106976.8,0.00035,buy,2025-07-02 07:52:09.600172
106976.57,0.00089,buy,2025-07-02 07:52:09.600172
106976.52,0.06957,buy,2025-07-02 07:52:09.600172
106976.5,0.00025,buy,2025-07-02 07:52:09.600172
106976.33,0.00372,buy,2025-07-02 07:52:09.600172
106976.1,0.00035,buy,2025-07-02 07:52:09.600172
106976.0,0.00025,buy,2025-07-02 07:52:09.600172
106975.97,0.00867,buy,2025-07-02 07:52:09.600172
106975.5,0.00025,buy,2025-07-02 07:52:09.600172
106975.4,0.00035,buy,2025-07-02 07:52:09.600172
106975.0,0.00025,buy,2025-07-02 07:52:09.600172
106974.71,6e-05,buy,2025-07-02 07:52:09.600172
106974.7,0.00035,buy,2025-07-02 07:52:09.600172
106974.5,0.00025,buy,2025-07-02 07:52:09.600172
106974.38,5e-05,buy,2025-07-02 07:52:09.600172
106974.0,0.0006,buy,2025-07-02 07:52:09.600172
106973.95,0.01402,buy,2025-07-02 07:52:09.600172
106973.5,0.00125,buy,2025-07-02 07:52:09.600172
106973.3,0.00035,buy,2025-07-02 07:52:09.600172
106973.25,0.00015,buy,2025-07-02 07:52:09.600172
106973.0,0.00025,buy,2025-07-02 07:52:09.600172
106972.94,0.00934,buy,2025-07-02 07:52:09.600172
106972.91,0.00695,buy,2025-07-02 07:52:09.600172
106972.85,0.00579,buy,2025-07-02 07:52:09.600172
106972.6,0.00035,buy,2025-07-02 07:52:09.600172
106972.5,0.00025,buy,2025-07-02 07:52:09.600172
106972.28,0.31533,buy,2025-07-02 07:52:09.600172
106972.27,0.62526,buy,2025-07-02 07:52:09.600172
106972.26,0.92696,buy,2025-07-02 07:52:09.600172
106972.25,0.3,buy,2025-07-02 07:52:09.600172
106972.07,0.00827,buy,2025-07-02 07:52:09.600172
106972.0,0.00025,buy,2025-07-02 07:52:09.600172
106971.9,0.00035,buy,2025-07-02 07:52:09.600172
106971.73,0.00935,buy,2025-07-02 07:52:09.600172
106971.5,0.00025,buy,2025-07-02 07:52:09.600172
106971.38,0.001,buy,2025-07-02 07:52:09.600172
106971.22,0.00089,buy,2025-07-02 07:52:09.600172
106971.2,0.00379,buy,2025-07-02 07:52:09.600172
106971.0,0.00025,buy,2025-07-02 07:52:09.600172
106970.99,0.00662,buy,2025-07-02 07:52:09.600172
106970.94,0.00759,buy,2025-07-02 07:52:09.600172
106970.84,0.01913,buy,2025-07-02 07:52:09.600172
106970.82,0.0079,buy,2025-07-02 07:52:09.600172
106970.75,0.0001,buy,2025-07-02 07:52:09.600172
106970.7,0.0864,buy,2025-07-02 07:52:09.600172
106970.5,0.0006,buy,2025-07-02 07:52:09.600172
106970.15,8e-05,buy,2025-07-02 07:52:09.600172
106970.14,0.00101,buy,2025-07-02 07:52:09.600172
106970.11,0.045,buy,2025-07-02 07:52:09.600172
106970.0,0.00025,buy,2025-07-02 07:52:09.600172
106969.96,0.37118,buy,2025-07-02 07:52:09.600172
106969.9,0.02,buy,2025-07-02 07:52:09.600172
106969.84,0.0576,buy,2025-07-02 07:52:09.600172
106969.8,0.00035,buy,2025-07-02 07:52:09.600172
106969.5,0.00025,buy,2025-07-02 07:52:09.600172
106969.19,5e-05,buy,2025-07-02 07:52:09.600172
106969.1,0.00035,buy,2025-07-02 07:52:09.600172
106969.09,5e-05,buy,2025-07-02 07:52:09.600172
106969.0,0.00025,buy,2025-07-02 07:52:09.600172
106968.77,0.0576,buy,2025-07-02 07:52:09.600172
106968.76,0.00302,buy,2025-07-02 07:52:09.600172
106968.5,0.00025,buy,2025-07-02 07:52:09.600172
106968.4,0.00035,buy,2025-07-02 07:52:09.600172
106968.25,0.02762,buy,2025-07-02 07:52:09.600172
106968.0,0.00025,buy,2025-07-02 07:52:09.600172
106967.96,0.01832,buy,2025-07-02 07:52:09.600172
106967.9,6e-05,buy,2025-07-02 07:52:09.600172
106967.89,9e-05,buy,2025-07-02 07:52:09.600172
106967.83,0.92696,buy,2025-07-02 07:52:09.600172
106967.7,0.00035,buy,2025-07-02 07:52:09.600172
106967.66,0.28047,buy,2025-07-02 07:52:09.600172
106967.52,0.28047,buy,2025-07-02 07:52:09.600172
106967.5,0.00025,buy,2025-07-02 07:52:09.600172
106967.46,0.048,buy,2025-07-02 07:52:09.600172
106967.35,0.0001,buy,2025-07-02 07:52:09.600172
106967.33,0.00352,buy,2025-07-02 07:52:09.600172
106967.31,0.00528,buy,2025-07-02 07:52:09.600172
106967.08,0.00344,buy,2025-07-02 07:52:09.600172
106967.0,0.0006,buy,2025-07-02 07:52:09.600172
106966.96,1.64297,buy,2025-07-02 07:52:09.600172
106966.86,0.46745,buy,2025-07-02 07:52:09.600172
106966.5,0.00025,buy,2025-07-02 07:52:09.600172
106966.39,0.4207,buy,2025-07-02 07:52:09.600172
106966.3,0.00035,buy,2025-07-02 07:52:09.600172
106966.03,0.00394,buy,2025-07-02 07:52:09.600172
106966.0,0.00025,buy,2025-07-02 07:52:09.600172
106965.9,0.00531,buy,2025-07-02 07:52:09.600172
106965.87,0.00089,buy,2025-07-02 07:52:09.600172
106965.86,0.00392,buy,2025-07-02 07:52:09.600172
106965.81,5e-05,buy,2025-07-02 07:52:09.600172
106965.6,0.00035,buy,2025-07-02 07:52:09.600172
106965.5,0.00025,buy,2025-07-02 07:52:09.600172
106965.38,0.096,buy,2025-07-02 07:52:09.600172
106965.27,0.47068,buy,2025-07-02 07:52:09.600172
106965.26,0.048,buy,2025-07-02 07:52:09.600172
106965.2,1.1,buy,2025-07-02 07:52:09.600172
106965.12,5e-05,buy,2025-07-02 07:52:09.600172
106965.0,0.00025,buy,2025-07-02 07:52:09.600172
106964.9,0.00035,buy,2025-07-02 07:52:09.600172
106964.65,0.048,buy,2025-07-02 07:52:09.600172
106964.5,0.00025,buy,2025-07-02 07:52:09.600172
106964.41,0.0001,buy,2025-07-02 07:52:09.600172
106964.2,0.00035,buy,2025-07-02 07:52:09.600172
106964.17,0.29865,buy,2025-07-02 07:52:09.600172
106964.0,0.00025,buy,2025-07-02 07:52:09.600172
106963.8,5e-05,buy,2025-07-02 07:52:09.600172
106963.54,0.92696,buy,2025-07-02 07:52:09.600172
106963.53,0.37118,buy,2025-07-02 07:52:09.600172
106963.5,0.0006,buy,2025-07-02 07:52:09.600172
106963.34,0.003,buy,2025-07-02 07:52:09.600172
106963.0,0.58539,buy,2025-07-02 07:52:09.600172
106962.99,0.1117,buy,2025-07-02 07:52:09.600172
106962.88,1.2,buy,2025-07-02 07:52:09.600172
106962.83,0.0024,buy,2025-07-02 07:52:09.600172
106962.8,0.00035,buy,2025-07-02 07:52:09.600172
106962.58,0.56094,buy,2025-07-02 07:52:09.600172
106962.55,6e-05,buy,2025-07-02 07:52:09.600172
106962.5,0.00025,buy,2025-07-02 07:52:09.600172
106962.43,0.00368,buy,2025-07-02 07:52:09.600172
106962.21,0.00749,buy,2025-07-02 07:52:09.600172
106962.1,0.00035,buy,2025-07-02 07:52:09.600172
106962.0,0.00025,buy,2025-07-02 07:52:09.600172
106961.95,2.3735,buy,2025-07-02 07:52:09.600172
106961.94,0.014,buy,2025-07-02 07:52:09.600172
106961.6,0.00502,buy,2025-07-02 07:52:09.600172
106961.55,0.00383,buy,2025-07-02 07:52:09.600172
106961.5,0.00025,buy,2025-07-02 07:52:09.600172
106961.47,0.25787,buy,2025-07-02 07:52:09.600172
106961.46,0.08,buy,2025-07-02 07:52:09.600172
106961.4,0.00035,buy,2025-07-02 07:52:09.600172
106961.36,0.00837,buy,2025-07-02 07:52:09.600172
106961.09,0.4207,buy,2025-07-02 07:52:09.600172
106961.06,5e-05,buy,2025-07-02 07:52:09.600172
106961.0,0.00025,buy,2025-07-02 07:52:09.600172
106960.82,0.00881,buy,2025-07-02 07:52:09.600172
106960.7,0.00035,buy,2025-07-02 07:52:09.600172
106960.5,0.00025,buy,2025-07-02 07:52:09.600172
106960.34,0.0001,buy,2025-07-02 07:52:09.600172
106960.3,0.00707,buy,2025-07-02 07:52:09.600172
106960.2,0.01912,buy,2025-07-02 07:52:09.600172
106960.12,0.4207,buy,2025-07-02 07:52:09.600172
106960.09,0.28047,buy,2025-07-02 07:52:09.600172
106960.0,0.01935,buy,2025-07-02 07:52:09.600172
106959.67,0.00186,buy,2025-07-02 07:52:09.600172
106959.66,5.0,buy,2025-07-02 07:52:09.600172
106959.64,8e-05,buy,2025-07-02 07:52:09.600172
106959.5,0.00025,buy,2025-07-02 07:52:09.600172
106959.3,0.00035,buy,2025-07-02 07:52:09.600172
106959.28,0.56094,buy,2025-07-02 07:52:09.600172
106959.23,0.92696,buy,2025-07-02 07:52:09.600172
106959.01,0.08,buy,2025-07-02 07:52:09.600172
106959.0,0.00025,buy,2025-07-02 07:52:09.600172
106958.6,0.00035,buy,2025-07-02 07:52:09.600172
106958.51,0.00288,buy,2025-07-02 07:52:09.600172
106958.5,0.00025,buy,2025-07-02 07:52:09.600172
106958.3,0.02806,buy,2025-07-02 07:52:09.600172
106958.04,0.14769,buy,2025-07-02 07:52:09.600172
106958.0,0.00025,buy,2025-07-02 07:52:09.600172
106957.9,0.00035,buy,2025-07-02 07:52:09.600172
106957.5,0.00025,buy,2025-07-02 07:52:09.600172
106957.22,0.00157,buy,2025-07-02 07:52:09.600172
106957.2,0.92831,buy,2025-07-02 07:52:09.600172
106957.11,0.37118,buy,2025-07-02 07:52:09.600172
106957.0,0.0003,buy,2025-07-02 07:52:09.600172
106956.98,0.00602,buy,2025-07-02 07:52:09.600172
106956.91,0.28047,buy,2025-07-02 07:52:09.600172
106956.72,0.389,buy,2025-07-02 07:52:09.600172
106956.69,0.00093,buy,2025-07-02 07:52:09.600172
106956.68,0.00558,buy,2025-07-02 07:52:09.600172
106956.5,0.0006,buy,2025-07-02 07:52:09.600172
106956.49,0.00879,buy,2025-07-02 07:52:09.600172
106956.45,0.00546,buy,2025-07-02 07:52:09.600172
106956.39,0.29565,buy,2025-07-02 07:52:09.600172
106956.0,0.00034,buy,2025-07-02 07:52:09.600172
106955.8,0.00035,buy,2025-07-02 07:52:09.600172
106955.67,0.07242,buy,2025-07-02 07:52:09.600172
106955.6,0.00786,buy,2025-07-02 07:52:09.600172
106955.5,0.00025,buy,2025-07-02 07:52:09.600172
106955.38,0.00502,buy,2025-07-02 07:52:09.600172
106955.19,0.00023,buy,2025-07-02 07:52:09.600172
106955.1,0.00035,buy,2025-07-02 07:52:09.600172
106955.0,0.00035,buy,2025-07-02 07:52:09.600172
106954.95,0.92696,buy,2025-07-02 07:52:09.600172
106954.56,0.06957,buy,2025-07-02 07:52:09.600172
106954.5,0.00025,buy,2025-07-02 07:52:09.600172
106954.4,0.00035,buy,2025-07-02 07:52:09.600172
106954.0,0.00025,buy,2025-07-02 07:52:09.600172
106953.89,0.56094,buy,2025-07-02 07:52:09.600172
106953.7,0.00035,buy,2025-07-02 07:52:09.600172
106953.5,0.00025,buy,2025-07-02 07:52:09.600172
106953.22,5e-05,buy,2025-07-02 07:52:09.600172
106953.05,0.46745,buy,2025-07-02 07:52:09.600172
106953.0,0.0006,buy,2025-07-02 07:52:09.600172
106952.93,5e-05,buy,2025-07-02 07:52:09.600172
106952.75,0.00283,buy,2025-07-02 07:52:09.600172
106952.5,0.00025,buy,2025-07-02 07:52:09.600172
106952.3,0.00035,buy,2025-07-02 07:52:09.600172
106952.0,0.00025,buy,2025-07-02 07:52:09.600172
106951.6,0.00035,buy,2025-07-02 07:52:09.600172
106951.5,0.00025,buy,2025-07-02 07:52:09.600172
106951.49,0.68228,buy,2025-07-02 07:52:09.600172
106951.48,0.00396,buy,2025-07-02 07:52:09.600172
106951.41,0.14899,buy,2025-07-02 07:52:09.600172
106951.0,0.00025,buy,2025-07-02 07:52:09.600172
106950.9,0.00035,buy,2025-07-02 07:52:09.600172
106950.6,0.84061,buy,2025-07-02 07:52:09.600172
106950.59,0.92696,buy,2025-07-02 07:52:09.600172
106950.5,0.00025,buy,2025-07-02 07:52:09.600172
106950.43,0.00597,buy,2025-07-02 07:52:09.600172
106950.2,0.00035,buy,2025-07-02 07:52:09.600172
106950.14,0.00811,buy,2025-07-02 07:52:09.600172
106950.0,0.00025,buy,2025-07-02 07:52:09.600172
106949.99,0.0059,buy,2025-07-02 07:52:09.600172
106949.7,0.0048,buy,2025-07-02 07:52:09.600172
106949.5,0.0006,buy,2025-07-02 07:52:09.600172
106949.44,0.0001,buy,2025-07-02 07:52:09.600172
106949.13,8e-05,buy,2025-07-02 07:52:09.600172
106949.0,0.00025,buy,2025-07-02 07:52:09.600172
106948.87,5e-05,buy,2025-07-02 07:52:09.600172
106948.8,0.00035,buy,2025-07-02 07:52:09.600172
106948.5,0.00025,buy,2025-07-02 07:52:09.600172
106948.15,0.00199,buy,2025-07-02 07:52:09.600172
106948.1,0.00035,buy,2025-07-02 07:52:09.600172
106948.04,0.02629,buy,2025-07-02 07:52:09.600172
106948.0,0.00025,buy,2025-07-02 07:52:09.600172
106947.93,5e-05,buy,2025-07-02 07:52:09.600172
106947.68,0.006,buy,2025-07-02 07:52:09.600172
106947.67,0.0056,buy,2025-07-02 07:52:09.600172
106947.5,0.00025,buy,2025-07-02 07:52:09.600172
106947.4,0.00035,buy,2025-07-02 07:52:09.600172
106947.29,0.003,buy,2025-07-02 07:52:09.600172
106947.0,0.00025,buy,2025-07-02 07:52:09.600172
106946.7,0.00035,buy,2025-07-02 07:52:09.600172
106946.57,0.00731,buy,2025-07-02 07:52:09.600172
106946.5,0.00031,buy,2025-07-02 07:52:09.600172
106946.46,0.08,buy,2025-07-02 07:52:09.600172
106946.3,0.0001,buy,2025-07-02 07:52:09.600172
106946.25,1.26441,buy,2025-07-02 07:52:09.600172
106946.24,0.92696,buy,2025-07-02 07:52:09.600172
106946.01,0.00233,buy,2025-07-02 07:52:09.600172
106946.0,0.0006,buy,2025-07-02 07:52:09.600172
106945.71,0.46733,buy,2025-07-02 07:52:09.600172
106945.53,0.00695,buy,2025-07-02 07:52:09.600172
106945.5,0.00025,buy,2025-07-02 07:52:09.600172
106945.3,0.00035,buy,2025-07-02 07:52:09.600172
106945.26,0.0051,buy,2025-07-02 07:52:09.600172
106945.23,0.28047,buy,2025-07-02 07:52:09.600172
106945.05,0.36818,buy,2025-07-02 07:52:09.600172
106945.0,0.00025,buy,2025-07-02 07:52:09.600172
106944.8,5e-05,buy,2025-07-02 07:52:09.600172
106944.75,0.00722,buy,2025-07-02 07:52:09.600172
106944.6,0.00035,buy,2025-07-02 07:52:09.600172
106944.36,0.14899,buy,2025-07-02 07:52:09.600172
106944.25,0.007,buy,2025-07-02 07:52:09.600172
106944.07,0.00693,buy,2025-07-02 07:52:09.600172
106944.04,0.0187,buy,2025-07-02 07:52:09.600172
106943.9,0.00035,buy,2025-07-02 07:52:09.600172
106943.71,0.585,buy,2025-07-02 07:52:09.600172
106943.33,0.0001,buy,2025-07-02 07:52:09.600172
106943.2,0.00035,buy,2025-07-02 07:52:09.600172
106942.89,0.06957,buy,2025-07-02 07:52:09.600172
106942.64,5e-05,buy,2025-07-02 07:52:09.600172
106942.5,0.00035,buy,2025-07-02 07:52:09.600172
106942.29,0.37118,buy,2025-07-02 07:52:09.600172
106942.23,0.08,buy,2025-07-02 07:52:09.600172
106941.96,0.92696,buy,2025-07-02 07:52:09.600172
106941.8,0.00035,buy,2025-07-02 07:52:09.600172
106941.6,0.04526,buy,2025-07-02 07:52:09.600172
106941.24,0.0792,buy,2025-07-02 07:52:09.600172
106941.21,0.0864,buy,2025-07-02 07:52:09.600172
106941.18,0.048,buy,2025-07-02 07:52:09.600172
106941.15,0.00016,buy,2025-07-02 07:52:09.600172
106941.1,0.00035,buy,2025-07-02 07:52:09.600172
106940.88,0.00822,buy,2025-07-02 07:52:09.600172
106940.87,0.02817,buy,2025-07-02 07:52:09.600172
106940.74,5e-05,buy,2025-07-02 07:52:09.600172
106940.65,0.0001,buy,2025-07-02 07:52:09.600172
106940.45,0.04674,buy,2025-07-02 07:52:09.600172
106940.4,0.00035,buy,2025-07-02 07:52:09.600172
106940.3,9e-05,buy,2025-07-02 07:52:09.600172
106940.07,0.00752,buy,2025-07-02 07:52:09.600172
106940.0,0.01875,buy,2025-07-02 07:52:09.600172
106939.7,0.00035,buy,2025-07-02 07:52:09.600172
106939.62,0.08076,buy,2025-07-02 07:52:09.600172
106939.11,0.00728,buy,2025-07-02 07:52:09.600172
106939.06,0.16661,buy,2025-07-02 07:52:09.600172
106939.0,0.00035,buy,2025-07-02 07:52:09.600172
106938.75,0.00721,buy,2025-07-02 07:52:09.600172
106938.62,8e-05,buy,2025-07-02 07:52:09.600172
106938.3,0.00035,buy,2025-07-02 07:52:09.600172
106937.92,0.48174,buy,2025-07-02 07:52:09.600172
106937.91,0.15191,buy,2025-07-02 07:52:09.600172
106937.75,0.0001,buy,2025-07-02 07:52:09.600172
106937.68,0.92696,buy,2025-07-02 07:52:09.600172
106937.6,0.00035,buy,2025-07-02 07:52:09.600172
106937.35,5e-05,buy,2025-07-02 07:52:09.600172
106936.98,0.048,buy,2025-07-02 07:52:09.600172
106936.9,0.00035,buy,2025-07-02 07:52:09.600172
106936.82,0.0001,buy,2025-07-02 07:52:09.600172
106936.68,5e-05,buy,2025-07-02 07:52:09.600172
106936.45,0.10353,buy,2025-07-02 07:52:09.600172
106936.2,0.00035,buy,2025-07-02 07:52:09.600172
106935.84,0.0081,buy,2025-07-02 07:52:09.600172
106935.8,0.46949,buy,2025-07-02 07:52:09.600172
106935.79,0.37127,buy,2025-07-02 07:52:09.600172
106935.76,0.01697,buy,2025-07-02 07:52:09.600172
106935.5,0.00035,buy,2025-07-02 07:52:09.600172
106935.24,0.00725,buy,2025-07-02 07:52:09.600172
106934.8,0.00035,buy,2025-07-02 07:52:09.600172
106934.63,0.00379,buy,2025-07-02 07:52:09.600172
106934.41,0.94038,buy,2025-07-02 07:52:09.600172
106934.1,0.00035,buy,2025-07-02 07:52:09.600172
106933.94,0.00588,buy,2025-07-02 07:52:09.600172
106933.87,0.00405,buy,2025-07-02 07:52:09.600172
106933.71,0.00467,buy,2025-07-02 07:52:09.600172
106933.4,0.00035,buy,2025-07-02 07:52:09.600172
106933.37,0.92696,buy,2025-07-02 07:52:09.600172
106933.35,1.0011,buy,2025-07-02 07:52:09.600172
106932.7,0.00035,buy,2025-07-02 07:52:09.600172
106932.61,5e-05,buy,2025-07-02 07:52:09.600172
106932.53,0.14769,buy,2025-07-02 07:52:09.600172
106932.06,5e-05,buy,2025-07-02 07:52:09.600172
106932.0,0.00035,buy,2025-07-02 07:52:09.600172
106931.3,0.00035,buy,2025-07-02 07:52:09.600172
106930.94,0.43064,buy,2025-07-02 07:52:09.600172
106930.6,0.00035,buy,2025-07-02 07:52:09.600172
106930.45,6e-05,buy,2025-07-02 07:52:09.600172
106930.19,0.00615,buy,2025-07-02 07:52:09.600172
106929.9,0.00035,buy,2025-07-02 07:52:09.600172
106929.62,0.00653,buy,2025-07-02 07:52:09.600172
106929.52,0.78058,buy,2025-07-02 07:52:09.600172
106929.47,0.56094,buy,2025-07-02 07:52:09.600172
106929.43,0.03682,buy,2025-07-02 07:52:09.600172
106929.37,0.37118,buy,2025-07-02 07:52:09.600172
106929.2,0.00035,buy,2025-07-02 07:52:09.600172
106928.75,0.0001,buy,2025-07-02 07:52:09.600172
106928.55,5e-05,buy,2025-07-02 07:52:09.600172
106928.5,0.00035,buy,2025-07-02 07:52:09.600172
106928.27,0.00383,buy,2025-07-02 07:52:09.600172
106928.22,0.04199,buy,2025-07-02 07:52:09.600172
106928.18,9e-05,buy,2025-07-02 07:52:09.600172
106928.11,8e-05,buy,2025-07-02 07:52:09.600172
106928.1,0.00698,buy,2025-07-02 07:52:09.600172
106928.0,0.00121,buy,2025-07-02 07:52:09.600172
106927.8,0.00035,buy,2025-07-02 07:52:09.600172
106927.71,0.92696,buy,2025-07-02 07:52:09.600172
106927.7,0.06957,buy,2025-07-02 07:52:09.600172
106927.1,0.00035,buy,2025-07-02 07:52:09.600172
106927.0,0.1559,buy,2025-07-02 07:52:09.600172
106926.77,5e-05,buy,2025-07-02 07:52:09.600172
106926.63,0.01697,buy,2025-07-02 07:52:09.600172
106926.4,0.00035,buy,2025-07-02 07:52:09.600172
106926.2,0.05,buy,2025-07-02 07:52:09.600172
106925.73,0.0001,buy,2025-07-02 07:52:09.600172
106925.7,0.00035,buy,2025-07-02 07:52:09.600172
106925.1,6e-05,buy,2025-07-02 07:52:09.600172
106925.0,0.00035,buy,2025-07-02 07:52:09.600172
106924.86,8e-05,buy,2025-07-02 07:52:09.600172
106924.67,0.00597,buy,2025-07-02 07:52:09.600172
106924.6,0.0059,buy,2025-07-02 07:52:09.600172
106924.58,0.00491,buy,2025-07-02 07:52:09.600172
106924.54,0.03125,buy,2025-07-02 07:52:09.600172
106924.49,5e-05,buy,2025-07-02 07:52:09.600172
106924.01,0.02149,buy,2025-07-02 07:52:09.600172
106924.0,0.00391,buy,2025-07-02 07:52:09.600172
106923.48,0.04497,buy,2025-07-02 07:52:09.600172
106923.47,0.00321,buy,2025-07-02 07:52:09.600172
106923.39,0.00869,buy,2025-07-02 07:52:09.600172
106923.37,0.00587,buy,2025-07-02 07:52:09.600172
106923.36,0.02149,buy,2025-07-02 07:52:09.600172
106922.91,0.00132,buy,2025-07-02 07:52:09.600172
106922.69,0.00344,buy,2025-07-02 07:52:09.600172
106922.68,1.03824,buy,2025-07-02 07:52:09.600172
106922.67,0.46953,buy,2025-07-02 07:52:09.600172
106922.66,0.92696,buy,2025-07-02 07:52:09.600172
106922.65,0.585,buy,2025-07-02 07:52:09.600172
106922.64,0.0001,buy,2025-07-02 07:52:09.600172
106921.48,5e-05,buy,2025-07-02 07:52:09.600172
106921.4,0.21545,buy,2025-07-02 07:52:09.600172
106920.81,0.00232,buy,2025-07-02 07:52:09.600172
106920.42,5e-05,buy,2025-07-02 07:52:09.600172
106920.01,0.08994,buy,2025-07-02 07:52:09.600172
106920.0,0.01875,buy,2025-07-02 07:52:09.600172
106919.9,0.00657,buy,2025-07-02 07:52:09.600172
106919.75,6e-05,buy,2025-07-02 07:52:09.600172
106919.56,0.08646,buy,2025-07-02 07:52:09.600172
106919.51,0.04497,buy,2025-07-02 07:52:09.600172
106919.5,0.0576,buy,2025-07-02 07:52:09.600172
106919.49,0.28047,buy,2025-07-02 07:52:09.600172
106919.4,0.28047,buy,2025-07-02 07:52:09.600172
106919.11,0.00517,buy,2025-07-02 07:52:09.600172
106918.82,0.0001,buy,2025-07-02 07:52:09.600172
106918.78,0.04497,buy,2025-07-02 07:52:09.600172
106918.77,0.02337,buy,2025-07-02 07:52:09.600172
106918.48,0.048,buy,2025-07-02 07:52:09.600172
106918.44,0.0576,buy,2025-07-02 07:52:09.600172
106918.41,0.00406,buy,2025-07-02 07:52:09.600172
106918.2,0.05,buy,2025-07-02 07:52:09.600172
106917.84,0.04497,buy,2025-07-02 07:52:09.600172
106917.83,0.55439,buy,2025-07-02 07:52:09.600172
106917.82,0.92696,buy,2025-07-02 07:52:09.600172
106917.6,8e-05,buy,2025-07-02 07:52:09.600172
106917.39,0.00443,buy,2025-07-02 07:52:09.600172
106917.12,0.00602,buy,2025-07-02 07:52:09.600172
106916.48,0.15951,buy,2025-07-02 07:52:09.600172
106916.36,0.06954,buy,2025-07-02 07:52:09.600172
106916.35,0.048,buy,2025-07-02 07:52:09.600172
106916.3,0.04951,buy,2025-07-02 07:52:09.600172
106916.19,5e-05,buy,2025-07-02 07:52:09.600172
106916.16,0.00303,buy,2025-07-02 07:52:09.600172
106915.37,0.04497,buy,2025-07-02 07:52:09.600172
106915.29,0.04497,buy,2025-07-02 07:52:09.600172
106915.28,0.14769,buy,2025-07-02 07:52:09.600172
106914.83,0.0001,buy,2025-07-02 07:52:09.600172
106914.45,0.05106,buy,2025-07-02 07:52:09.600172
106914.44,0.0864,buy,2025-07-02 07:52:09.600172
106914.4,6e-05,buy,2025-07-02 07:52:09.600172
106914.34,0.04497,buy,2025-07-02 07:52:09.600172
106914.33,0.15,buy,2025-07-02 07:52:09.600172
106914.04,0.04497,buy,2025-07-02 07:52:09.600172
106913.64,0.0001,buy,2025-07-02 07:52:09.600172
106913.59,0.0058,buy,2025-07-02 07:52:09.600172
106913.42,0.04497,buy,2025-07-02 07:52:09.600172
106913.36,0.0076,buy,2025-07-02 07:52:09.600172
106913.11,0.00471,buy,2025-07-02 07:52:09.600172
106912.99,0.0054,buy,2025-07-02 07:52:09.600172
106912.89,0.67543,buy,2025-07-02 07:52:09.600172
106912.88,0.92696,buy,2025-07-02 07:52:09.600172
106912.66,0.00045,buy,2025-07-02 07:52:09.600172
106912.53,0.02149,buy,2025-07-02 07:52:09.600172
106912.5,0.00834,buy,2025-07-02 07:52:09.600172
106912.47,0.04497,buy,2025-07-02 07:52:09.600172
106912.46,0.04497,buy,2025-07-02 07:52:09.600172
106912.44,0.02149,buy,2025-07-02 07:52:09.600172
106912.3,5e-05,buy,2025-07-02 07:52:09.600172
106912.26,0.28047,buy,2025-07-02 07:52:09.600172
106912.1,0.04497,buy,2025-07-02 07:52:09.600172
106911.55,0.0018,buy,2025-07-02 07:52:09.600172
106911.54,0.04497,buy,2025-07-02 07:52:09.600172
106911.49,0.28047,buy,2025-07-02 07:52:09.600172
106911.16,0.04497,buy,2025-07-02 07:52:09.600172
106910.9,5e-05,buy,2025-07-02 07:52:09.600172
106910.78,0.00399,buy,2025-07-02 07:52:09.600172
106910.59,0.49999,buy,2025-07-02 07:52:09.600172
106910.47,0.04497,buy,2025-07-02 07:52:09.600172
106910.36,0.04497,buy,2025-07-02 07:52:09.600172
106909.9,0.04497,buy,2025-07-02 07:52:09.600172
106909.8,0.04497,buy,2025-07-02 07:52:09.600172
106909.73,0.04497,buy,2025-07-02 07:52:09.600172
106909.57,0.04497,buy,2025-07-02 07:52:09.600172
106909.49,0.0001,buy,2025-07-02 07:52:09.600172
106908.99,0.00403,buy,2025-07-02 07:52:09.600172
106908.96,0.02149,buy,2025-07-02 07:52:09.600172
106908.9,0.02149,buy,2025-07-02 07:52:09.600172
106908.72,0.02149,buy,2025-07-02 07:52:09.600172
106908.71,0.001,buy,2025-07-02 07:52:09.600172
106908.7,0.001,buy,2025-07-02 07:52:09.600172
106908.64,0.14899,buy,2025-07-02 07:52:09.600172
106908.61,1.41427,buy,2025-07-02 07:52:09.600172
106908.6,0.92696,buy,2025-07-02 07:52:09.600172
106908.42,0.04497,buy,2025-07-02 07:52:09.600172
106908.3,0.04497,buy,2025-07-02 07:52:09.600172
106908.26,0.00619,buy,2025-07-02 07:52:09.600172
106908.23,5e-05,buy,2025-07-02 07:52:09.600172
106908.11,0.02972,buy,2025-07-02 07:52:09.600172
106908.01,0.46745,buy,2025-07-02 07:52:09.600172
106907.87,0.00344,buy,2025-07-02 07:52:09.600172
106907.85,0.12417,buy,2025-07-02 07:52:09.600172
106907.64,0.04497,buy,2025-07-02 07:52:09.600172
106907.52,0.04497,buy,2025-07-02 07:52:09.600172
106907.4,0.00639,buy,2025-07-02 07:52:09.600172
106907.09,8e-05,buy,2025-07-02 07:52:09.600172
106907.08,0.04497,buy,2025-07-02 07:52:09.600172
106906.95,0.04497,buy,2025-07-02 07:52:09.600172
106906.93,0.46943,buy,2025-07-02 07:52:09.600172
106906.92,0.04497,buy,2025-07-02 07:52:09.600172
106906.86,0.00738,buy,2025-07-02 07:52:09.600172
106906.85,0.04497,buy,2025-07-02 07:52:09.600172
106906.64,0.11057,buy,2025-07-02 07:52:09.600172
106906.62,0.00347,buy,2025-07-02 07:52:09.600172
106906.6,0.0001,buy,2025-07-02 07:52:09.600172
106906.59,0.04497,buy,2025-07-02 07:52:09.600172
106906.39,0.04497,buy,2025-07-02 07:52:09.600172
106906.35,0.048,buy,2025-07-02 07:52:09.600172
106906.26,0.04497,buy,2025-07-02 07:52:09.600172
106905.61,5e-05,buy,2025-07-02 07:52:09.600172
106905.46,0.08994,buy,2025-07-02 07:52:09.600172
106905.16,0.004,buy,2025-07-02 07:52:09.600172
106905.08,0.02149,buy,2025-07-02 07:52:09.600172
106905.07,0.02149,buy,2025-07-02 07:52:09.600172
106904.83,0.02149,buy,2025-07-02 07:52:09.600172
106904.27,0.92696,buy,2025-07-02 07:52:09.600172
106904.24,0.585,buy,2025-07-02 07:52:09.600172
106904.17,5e-05,buy,2025-07-02 07:52:09.600172
106903.7,6e-05,buy,2025-07-02 07:52:09.600172
106903.69,9e-05,buy,2025-07-02 07:52:09.600172
106903.64,0.00349,buy,2025-07-02 07:52:09.600172
106903.34,0.55565,buy,2025-07-02 07:52:09.600172
106903.16,0.00646,buy,2025-07-02 07:52:09.600172
106902.8,0.0001,buy,2025-07-02 07:52:09.600172
106902.69,0.7852,buy,2025-07-02 07:52:09.600172
106902.29,0.00765,buy,2025-07-02 07:52:09.600172
106902.09,0.048,buy,2025-07-02 07:52:09.600172
106902.0,1.47336,buy,2025-07-02 07:52:09.600172
106901.6,0.00776,buy,2025-07-02 07:52:09.600172
106901.47,0.0056,buy,2025-07-02 07:52:09.600172
106901.44,0.00443,buy,2025-07-02 07:52:09.600172
106901.39,0.00376,buy,2025-07-02 07:52:09.600172
106900.37,0.55949,buy,2025-07-02 07:52:09.600172
106900.35,0.55566,buy,2025-07-02 07:52:09.600172
106900.32,5e-05,buy,2025-07-02 07:52:09.600172
106900.11,5e-05,buy,2025-07-02 07:52:09.600172
106900.1,0.00275,buy,2025-07-02 07:52:09.600172
106900.0,0.02693,buy,2025-07-02 07:52:09.600172
106899.71,0.06957,buy,2025-07-02 07:52:09.600172
106899.49,0.15724,buy,2025-07-02 07:52:09.600172
106899.17,0.0001,buy,2025-07-02 07:52:09.600172
106897.96,1.45585,buy,2025-07-02 07:52:09.600172
106897.95,0.92696,buy,2025-07-02 07:52:09.600172
106897.72,0.00427,buy,2025-07-02 07:52:09.600172
106897.14,0.00771,buy,2025-07-02 07:52:09.600172
106896.66,0.00378,buy,2025-07-02 07:52:09.600172
106896.58,8e-05,buy,2025-07-02 07:52:09.600172
106896.57,0.93525,buy,2025-07-02 07:52:09.600172
106896.42,0.0088,buy,2025-07-02 07:52:09.600172
106896.4,0.00459,buy,2025-07-02 07:52:09.600172
106896.39,0.37396,buy,2025-07-02 07:52:09.600172
106896.25,0.0001,buy,2025-07-02 07:52:09.600172
106896.22,0.08147,buy,2025-07-02 07:52:09.600172
106896.05,5e-05,buy,2025-07-02 07:52:09.600172
106896.0,0.0021,buy,2025-07-02 07:52:09.600172
106895.35,0.00169,buy,2025-07-02 07:52:09.600172
106895.03,5e-05,buy,2025-07-02 07:52:09.600172
106894.24,0.00152,buy,2025-07-02 07:52:09.600172
106894.2,0.46745,buy,2025-07-02 07:52:09.600172
106893.64,0.92696,buy,2025-07-02 07:52:09.600172
106893.49,0.46943,buy,2025-07-02 07:52:09.600172
106893.39,0.0001,buy,2025-07-02 07:52:09.600172
106893.09,0.58835,buy,2025-07-02 07:52:09.600172
106893.0,6e-05,buy,2025-07-02 07:52:09.600172
106892.79,0.02,buy,2025-07-02 07:52:09.600172
106892.73,0.0576,buy,2025-07-02 07:52:09.600172
106892.64,0.00738,buy,2025-07-02 07:52:09.600172
106892.54,0.00709,buy,2025-07-02 07:52:09.600172
106892.51,0.0048,buy,2025-07-02 07:52:09.600172
106892.47,0.0051,buy,2025-07-02 07:52:09.600172
106892.4,1.38452,buy,2025-07-02 07:52:09.600172
106892.38,0.00484,buy,2025-07-02 07:52:09.600172
106892.0,0.0021,buy,2025-07-02 07:52:09.600172
106891.99,5e-05,buy,2025-07-02 07:52:09.600172
106891.8,0.00383,buy,2025-07-02 07:52:09.600172
106891.74,0.0056,buy,2025-07-02 07:52:09.600172
106891.71,0.048,buy,2025-07-02 07:52:09.600172
106891.67,0.0576,buy,2025-07-02 07:52:09.600172
106891.22,0.00848,buy,2025-07-02 07:52:09.600172
106890.9,0.14899,buy,2025-07-02 07:52:09.600172
106890.56,0.0001,buy,2025-07-02 07:52:09.600172
106890.53,0.00461,buy,2025-07-02 07:52:09.600172
106890.3,0.0001,buy,2025-07-02 07:52:09.600172
106890.23,0.01387,buy,2025-07-02 07:52:09.600172
106889.87,0.28047,buy,2025-07-02 07:52:09.600172
106889.74,5e-05,buy,2025-07-02 07:52:09.600172
106889.59,0.096,buy,2025-07-02 07:52:09.600172
106889.53,0.048,buy,2025-07-02 07:52:09.600172
106889.3,0.0001,buy,2025-07-02 07:52:09.600172
106889.26,0.92696,buy,2025-07-02 07:52:09.600172
106888.94,0.01377,buy,2025-07-02 07:52:09.600172
106888.61,0.00399,buy,2025-07-02 07:52:09.600172
106888.0,2.33558,buy,2025-07-02 07:52:09.600172
106887.92,5e-05,buy,2025-07-02 07:52:09.600172
106887.83,0.00215,buy,2025-07-02 07:52:09.600172
106887.77,0.00844,buy,2025-07-02 07:52:09.600172
106887.41,0.2217,buy,2025-07-02 07:52:09.600172
106887.33,0.00369,buy,2025-07-02 07:52:09.600172
106886.8,0.00441,buy,2025-07-02 07:52:09.600172
106886.08,0.24224,buy,2025-07-02 07:52:09.600172
106886.07,8e-05,buy,2025-07-02 07:52:09.600172
106886.0,0.01847,buy,2025-07-02 07:52:09.600172
106885.99,0.00636,buy,2025-07-02 07:52:09.600172
106885.81,0.02665,buy,2025-07-02 07:52:09.600172
106885.74,0.00653,buy,2025-07-02 07:52:09.600172
106885.3,0.001,buy,2025-07-02 07:52:09.600172
106884.45,0.00015,buy,2025-07-02 07:52:09.600172
106884.23,0.1559,buy,2025-07-02 07:52:09.600172
106884.18,0.27829,buy,2025-07-02 07:52:09.600172
106884.0,0.0021,buy,2025-07-02 07:52:09.600172
106883.86,5e-05,buy,2025-07-02 07:52:09.600172
106882.63,0.05597,buy,2025-07-02 07:52:09.600172
106882.3,6e-05,buy,2025-07-02 07:52:09.600172
106882.2,0.00531,buy,2025-07-02 07:52:09.600172
106880.94,0.00323,buy,2025-07-02 07:52:09.600172
106880.81,0.00521,buy,2025-07-02 07:52:09.600172
106880.64,0.69035,buy,2025-07-02 07:52:09.600172
106880.63,0.46943,buy,2025-07-02 07:52:09.600172
106880.61,0.05597,buy,2025-07-02 07:52:09.600172
106880.59,0.50686,buy,2025-07-02 07:52:09.600172
106880.47,0.02336,buy,2025-07-02 07:52:09.600172
106880.23,0.0001,buy,2025-07-02 07:52:09.600172
106880.2,0.64097,buy,2025-07-02 07:52:09.600172
106880.19,0.05597,buy,2025-07-02 07:52:09.600172
106880.12,0.00416,buy,2025-07-02 07:52:09.600172
106880.1,0.00545,buy,2025-07-02 07:52:09.600172
106880.0,0.02096,buy,2025-07-02 07:52:09.600172
106879.8,5e-05,buy,2025-07-02 07:52:09.600172
106879.76,0.00399,buy,2025-07-02 07:52:09.600172
106879.16,5e-05,buy,2025-07-02 07:52:09.600172
106878.75,0.05597,buy,2025-07-02 07:52:09.600172
106878.64,0.14899,buy,2025-07-02 07:52:09.600172
106878.26,0.05597,buy,2025-07-02 07:52:09.600172
106877.98,0.05597,buy,2025-07-02 07:52:09.600172
106877.79,0.06957,buy,2025-07-02 07:52:09.600172
106877.53,0.0001,buy,2025-07-02 07:52:09.600172
106877.14,0.0043,buy,2025-07-02 07:52:09.600172
106876.51,0.00618,buy,2025-07-02 07:52:09.600172
106876.1,0.00667,buy,2025-07-02 07:52:09.600172
106876.0,0.0022,buy,2025-07-02 07:52:09.600172
106875.74,5e-05,buy,2025-07-02 07:52:09.600172
106875.56,8e-05,buy,2025-07-02 07:52:09.600172
106875.5,0.00827,buy,2025-07-02 07:52:09.600172
106875.48,5e-05,buy,2025-07-02 07:52:09.600172
106875.26,0.05597,buy,2025-07-02 07:52:09.600172
106875.05,0.00397,buy,2025-07-02 07:52:09.600172
106874.97,0.0076,buy,2025-07-02 07:52:09.600172
106874.96,0.30659,buy,2025-07-02 07:52:09.600172
106874.95,0.93544,buy,2025-07-02 07:52:09.600172
106874.94,0.00568,buy,2025-07-02 07:52:09.600172
106874.52,0.0001,buy,2025-07-02 07:52:09.600172
106874.39,0.0001,buy,2025-07-02 07:52:09.600172
106873.87,5e-05,buy,2025-07-02 07:52:09.600172
106873.79,0.02897,buy,2025-07-02 07:52:09.600172
106872.4,0.00016,buy,2025-07-02 07:52:09.600172
106872.0,0.0022,buy,2025-07-02 07:52:09.600172
106871.66,0.05597,buy,2025-07-02 07:52:09.600172
106871.6,0.00422,buy,2025-07-02 07:52:09.600172
106871.59,9e-05,buy,2025-07-02 07:52:09.600172
106871.29,8e-05,buy,2025-07-02 07:52:09.600172
106871.11,0.0069,buy,2025-07-02 07:52:09.600172
106871.06,0.00082,buy,2025-07-02 07:52:09.600172
106870.31,0.0001,buy,2025-07-02 07:52:09.600172
106869.91,1.06502,buy,2025-07-02 07:52:09.600172
106869.9,2.21071,buy,2025-07-02 07:52:09.600172
106869.76,0.00885,buy,2025-07-02 07:52:09.600172
106869.74,0.00709,buy,2025-07-02 07:52:09.600172
106869.64,0.00394,buy,2025-07-02 07:52:09.600172
106869.52,0.14899,buy,2025-07-02 07:52:09.600172
106869.51,0.585,buy,2025-07-02 07:52:09.600172
106869.41,0.00813,buy,2025-07-02 07:52:09.600172
106869.18,0.00082,buy,2025-07-02 07:52:09.600172
106869.11,0.04597,buy,2025-07-02 07:52:09.600172
106868.92,0.0001,buy,2025-07-02 07:52:09.600172
106868.58,5e-05,buy,2025-07-02 07:52:09.600172
106868.17,0.06957,buy,2025-07-02 07:52:09.600172
106868.0,0.0022,buy,2025-07-02 07:52:09.600172
106867.63,0.46943,buy,2025-07-02 07:52:09.600172
106867.62,5e-05,buy,2025-07-02 07:52:09.600172
106867.31,0.99898,buy,2025-07-02 07:52:09.600172
106866.44,0.00645,buy,2025-07-02 07:52:09.600172
106866.35,0.00349,buy,2025-07-02 07:52:09.600172
106865.14,0.00511,buy,2025-07-02 07:52:09.600172
106865.05,8e-05,buy,2025-07-02 07:52:09.600172
106864.97,0.0001,buy,2025-07-02 07:52:09.600172
106864.83,0.00392,buy,2025-07-02 07:52:09.600172
106864.82,0.01869,buy,2025-07-02 07:52:09.600172
106864.36,0.00709,buy,2025-07-02 07:52:09.600172
106864.2,0.00318,buy,2025-07-02 07:52:09.600172
106864.09,0.00614,buy,2025-07-02 07:52:09.600172
106864.0,0.0022,buy,2025-07-02 07:52:09.600172
106863.56,5e-05,buy,2025-07-02 07:52:09.600172
106863.29,5e-05,buy,2025-07-02 07:52:09.600172
106862.83,0.0026,buy,2025-07-02 07:52:09.600172
106860.92,0.00807,buy,2025-07-02 07:52:09.600172
106860.88,0.0001,buy,2025-07-02 07:52:09.600172
106860.55,0.02617,buy,2025-07-02 07:52:09.600172
106860.36,0.00883,buy,2025-07-02 07:52:09.600172
106860.19,0.00832,buy,2025-07-02 07:52:09.600172
106860.08,0.00543,buy,2025-07-02 07:52:09.600172
106860.0,0.02106,buy,2025-07-02 07:52:09.600172
106859.86,0.00419,buy,2025-07-02 07:52:09.600172
106859.82,0.00459,buy,2025-07-02 07:52:09.600172
106859.74,0.00453,buy,2025-07-02 07:52:09.600172
106859.21,0.05597,buy,2025-07-02 07:52:09.600172
106859.13,0.02617,buy,2025-07-02 07:52:09.600172
106858.83,0.14899,buy,2025-07-02 07:52:09.600172
106858.72,0.19902,buy,2025-07-02 07:52:09.600172
106858.13,0.0001,buy,2025-07-02 07:52:09.600172
106858.0,5e-05,buy,2025-07-02 07:52:09.600172
106857.61,0.16825,buy,2025-07-02 07:52:09.600172
106857.27,0.05597,buy,2025-07-02 07:52:09.600172
106856.0,0.00235,buy,2025-07-02 07:52:09.600172
106855.98,0.0001,buy,2025-07-02 07:52:09.600172
106855.59,0.5,buy,2025-07-02 07:52:09.600172
106855.27,0.02617,buy,2025-07-02 07:52:09.600172
106854.96,0.00434,buy,2025-07-02 07:52:09.600172
106854.87,0.0074,buy,2025-07-02 07:52:09.600172
106854.69,0.05597,buy,2025-07-02 07:52:09.600172
106854.55,0.00508,buy,2025-07-02 07:52:09.600172
106854.54,8e-05,buy,2025-07-02 07:52:09.600172
106853.74,0.27985,buy,2025-07-02 07:52:09.600172
106853.52,0.06957,buy,2025-07-02 07:52:09.600172
106853.39,0.14881,buy,2025-07-02 07:52:09.600172
106853.27,0.00884,buy,2025-07-02 07:52:09.600172
106853.26,0.00741,buy,2025-07-02 07:52:09.600172
106853.06,0.00872,buy,2025-07-02 07:52:09.600172
106852.97,0.05597,buy,2025-07-02 07:52:09.600172
106852.83,0.16513,buy,2025-07-02 07:52:09.600172
106852.71,5e-05,buy,2025-07-02 07:52:09.600172
106852.68,0.93564,buy,2025-07-02 07:52:09.600172
106852.62,0.05597,buy,2025-07-02 07:52:09.600172
106852.3,0.02479,buy,2025-07-02 07:52:09.600172
106852.0,0.00235,buy,2025-07-02 07:52:09.600172
106851.88,0.585,buy,2025-07-02 07:52:09.600172
106851.38,5e-05,buy,2025-07-02 07:52:09.600172
106850.39,0.00419,buy,2025-07-02 07:52:09.600172
106850.2,6e-05,buy,2025-07-02 07:52:09.600172
106850.08,0.05597,buy,2025-07-02 07:52:09.600172
106849.96,0.0001,buy,2025-07-02 07:52:09.600172
106849.6,1.49201,buy,2025-07-02 07:52:09.600172
106849.53,0.00338,buy,2025-07-02 07:52:09.600172
106849.49,0.00667,buy,2025-07-02 07:52:09.600172
106849.26,0.00707,buy,2025-07-02 07:52:09.600172
106848.78,0.0268,buy,2025-07-02 07:52:09.600172
106848.74,0.02617,buy,2025-07-02 07:52:09.600172
106848.61,0.00659,buy,2025-07-02 07:52:09.600172
106848.15,0.08175,buy,2025-07-02 07:52:09.600172
106848.0,0.00235,buy,2025-07-02 07:52:09.600172
106847.54,0.0001,buy,2025-07-02 07:52:09.600172
106847.42,5e-05,buy,2025-07-02 07:52:09.600172
106847.1,0.0001,buy,2025-07-02 07:52:09.600172
106846.74,0.05597,buy,2025-07-02 07:52:09.600172
106845.75,0.10221,buy,2025-07-02 07:52:09.600172
106844.87,0.004,buy,2025-07-02 07:52:09.600172
106844.85,0.0001,buy,2025-07-02 07:52:09.600172
106844.48,0.00511,buy,2025-07-02 07:52:09.600172
106844.43,0.01453,buy,2025-07-02 07:52:09.600172
106844.03,8e-05,buy,2025-07-02 07:52:09.600172
106844.0,0.00235,buy,2025-07-02 07:52:09.600172
106843.88,0.00467,buy,2025-07-02 07:52:09.600172
106843.42,0.00409,buy,2025-07-02 07:52:09.600172
106843.35,0.00464,buy,2025-07-02 07:52:09.600172
106843.11,0.00554,buy,2025-07-02 07:52:09.600172
106842.86,0.14899,buy,2025-07-02 07:52:09.600172
106842.64,0.0001,buy,2025-07-02 07:52:09.600172
106842.6,0.00344,buy,2025-07-02 07:52:09.600172
106842.13,5e-05,buy,2025-07-02 07:52:09.600172
106841.26,0.06957,buy,2025-07-02 07:52:09.600172
106840.99,0.00925,buy,2025-07-02 07:52:09.600172
106840.06,0.10247,buy,2025-07-02 07:52:09.600172
106840.0,0.0213,buy,2025-07-02 07:52:09.600172
106839.49,9e-05,buy,2025-07-02 07:52:09.600172
106839.41,0.00468,buy,2025-07-02 07:52:09.600172
106839.35,0.00326,buy,2025-07-02 07:52:09.600172
106839.32,0.0084,buy,2025-07-02 07:52:09.600172
106839.2,5e-05,buy,2025-07-02 07:52:09.600172
106839.0,0.01689,buy,2025-07-02 07:52:09.600172
106838.63,0.00093,buy,2025-07-02 07:52:09.600172
106838.62,0.02663,buy,2025-07-02 07:52:09.600172
106838.61,0.00792,buy,2025-07-02 07:52:09.600172
106838.52,0.0001,buy,2025-07-02 07:52:09.600172
106838.15,0.00662,buy,2025-07-02 07:52:09.600172
106837.74,0.00806,buy,2025-07-02 07:52:09.600172
106837.45,0.14899,buy,2025-07-02 07:52:09.600172
106837.15,0.1,buy,2025-07-02 07:52:09.600172
106836.84,5e-05,buy,2025-07-02 07:52:09.600172
106836.09,0.01785,buy,2025-07-02 07:52:09.600172
106836.0,0.00235,buy,2025-07-02 07:52:09.600172
106835.38,7e-05,buy,2025-07-02 07:52:09.600172
106835.06,1.71721,buy,2025-07-02 07:52:09.600172
106834.86,0.02709,buy,2025-07-02 07:52:09.600172
106834.48,0.02786,buy,2025-07-02 07:52:09.600172
106834.15,0.0001,buy,2025-07-02 07:52:09.600172
106834.07,0.585,buy,2025-07-02 07:52:09.600172
106833.52,8e-05,buy,2025-07-02 07:52:09.600172
106833.46,0.00719,buy,2025-07-02 07:52:09.600172
106833.38,0.47883,buy,2025-07-02 07:52:09.600172
106833.37,0.06957,buy,2025-07-02 07:52:09.600172
106833.01,0.00668,buy,2025-07-02 07:52:09.600172
106832.77,0.00758,buy,2025-07-02 07:52:09.600172
106832.73,0.00307,buy,2025-07-02 07:52:09.600172
106832.63,0.00177,buy,2025-07-02 07:52:09.600172
106832.38,0.00464,buy,2025-07-02 07:52:09.600172
106832.31,0.00597,buy,2025-07-02 07:52:09.600172
106832.15,0.0061,buy,2025-07-02 07:52:09.600172
106832.13,0.001,buy,2025-07-02 07:52:09.600172
106832.0,0.00235,buy,2025-07-02 07:52:09.600172
106831.55,5e-05,buy,2025-07-02 07:52:09.600172
106831.17,0.93583,buy,2025-07-02 07:52:09.600172
106831.01,0.0001,buy,2025-07-02 07:52:09.600172
106830.27,0.02779,buy,2025-07-02 07:52:09.600172
106829.76,0.1,buy,2025-07-02 07:52:09.600172
106829.11,0.15866,buy,2025-07-02 07:52:09.600172
106828.82,0.004,buy,2025-07-02 07:52:09.600172
106828.8,6e-05,buy,2025-07-02 07:52:09.600172
106828.07,0.00856,buy,2025-07-02 07:52:09.600172
106828.0,0.00235,buy,2025-07-02 07:52:09.600172
106827.96,0.00692,buy,2025-07-02 07:52:09.600172
106827.91,0.00318,buy,2025-07-02 07:52:09.600172
106827.41,0.00416,buy,2025-07-02 07:52:09.600172
106827.02,5e-05,buy,2025-07-02 07:52:09.600172
106826.94,0.00597,buy,2025-07-02 07:52:09.600172
106826.26,5e-05,buy,2025-07-02 07:52:09.600172
106825.63,0.0001,buy,2025-07-02 07:52:09.600172
106824.52,0.02784,buy,2025-07-02 07:52:09.600172
106824.46,0.1,buy,2025-07-02 07:52:09.600172
106824.0,0.00235,buy,2025-07-02 07:52:09.600172
106823.47,0.00187,buy,2025-07-02 07:52:09.600172
106823.35,0.00362,buy,2025-07-02 07:52:09.600172
106823.21,0.14899,buy,2025-07-02 07:52:09.600172
106823.13,0.007,buy,2025-07-02 07:52:09.600172
106823.09,0.00638,buy,2025-07-02 07:52:09.600172
106823.01,8e-05,buy,2025-07-02 07:52:09.600172
106822.64,0.00416,buy,2025-07-02 07:52:09.600172
106822.35,0.00722,buy,2025-07-02 07:52:09.600172
106822.09,0.00646,buy,2025-07-02 07:52:09.600172
106821.55,0.00736,buy,2025-07-02 07:52:09.600172
106820.97,5e-05,buy,2025-07-02 07:52:09.600172
106820.37,0.86329,buy,2025-07-02 07:52:09.600172
106820.29,0.0001,buy,2025-07-02 07:52:09.600172
106820.16,0.00389,buy,2025-07-02 07:52:09.600172
106820.0,0.00243,buy,2025-07-02 07:52:09.600172
106818.9,5e-05,buy,2025-07-02 07:52:09.600172
106818.35,0.00423,buy,2025-07-02 07:52:09.600172
106817.72,8e-05,buy,2025-07-02 07:52:09.600172
106817.29,0.0088,buy,2025-07-02 07:52:09.600172
106817.18,0.00446,buy,2025-07-02 07:52:09.600172
106817.13,0.0001,buy,2025-07-02 07:52:09.600172
106817.08,0.14769,buy,2025-07-02 07:52:09.600172
106817.05,0.00352,buy,2025-07-02 07:52:09.600172
106816.6,0.00885,buy,2025-07-02 07:52:09.600172
106816.22,0.00653,buy,2025-07-02 07:52:09.600172
106816.0,0.00235,buy,2025-07-02 07:52:09.600172
106815.68,5e-05,buy,2025-07-02 07:52:09.600172
106815.6,0.07512,buy,2025-07-02 07:52:09.600172
106813.97,0.00093,buy,2025-07-02 07:52:09.600172
106813.96,0.0001,buy,2025-07-02 07:52:09.600172
106813.84,0.06957,buy,2025-07-02 07:52:09.600172
106812.78,0.004,buy,2025-07-02 07:52:09.600172
106812.77,0.00669,buy,2025-07-02 07:52:09.600172
106812.5,8e-05,buy,2025-07-02 07:52:09.600172
106812.0,0.00235,buy,2025-07-02 07:52:09.600172
106811.64,0.00532,buy,2025-07-02 07:52:09.600172
106811.63,0.15863,buy,2025-07-02 07:52:09.600172
106811.62,0.00878,buy,2025-07-02 07:52:09.600172
106811.02,0.02691,buy,2025-07-02 07:52:09.600172
106810.99,0.00302,buy,2025-07-02 07:52:09.600172
106810.91,0.00353,buy,2025-07-02 07:52:09.600172
106810.67,0.00578,buy,2025-07-02 07:52:09.600172
106810.62,0.00463,buy,2025-07-02 07:52:09.600172
106810.59,0.50002,buy,2025-07-02 07:52:09.600172
106810.39,5e-05,buy,2025-07-02 07:52:09.600172
106810.38,0.00831,buy,2025-07-02 07:52:09.600172
106810.0,0.00018,buy,2025-07-02 07:52:09.600172
106809.71,0.65016,buy,2025-07-02 07:52:09.600172
106809.57,0.93602,buy,2025-07-02 07:52:09.600172
106809.43,0.16816,buy,2025-07-02 07:52:09.600172
106808.71,0.585,buy,2025-07-02 07:52:09.600172
106808.62,0.0001,buy,2025-07-02 07:52:09.600172
106808.0,0.00235,buy,2025-07-02 07:52:09.600172
106807.62,0.9374,buy,2025-07-02 07:52:09.600172
106807.54,0.00743,buy,2025-07-02 07:52:09.600172
106807.46,0.00788,buy,2025-07-02 07:52:09.600172
106807.4,6e-05,buy,2025-07-02 07:52:09.600172
106807.38,0.00877,buy,2025-07-02 07:52:09.600172
106806.72,5e-05,buy,2025-07-02 07:52:09.600172
106806.14,0.0068,buy,2025-07-02 07:52:09.600172
106805.91,0.00849,buy,2025-07-02 07:52:09.600172
106805.73,0.00337,buy,2025-07-02 07:52:09.600172
106805.71,0.00451,buy,2025-07-02 07:52:09.600172
106805.6,0.0001,buy,2025-07-02 07:52:09.600172
106805.38,0.14899,buy,2025-07-02 07:52:09.600172
106805.1,5e-05,buy,2025-07-02 07:52:09.600172
106804.17,0.19445,buy,2025-07-02 07:52:09.600172
106804.0,0.00235,buy,2025-07-02 07:52:09.600172
106803.1,0.05587,buy,2025-07-02 07:52:09.600172
106802.93,0.0001,buy,2025-07-02 07:52:09.600172
106802.66,5e-05,buy,2025-07-02 07:52:09.600172
106995.45,1.43075,sell,2025-07-02 07:52:09.600172
106995.46,0.00122,sell,2025-07-02 07:52:09.600172
106995.52,0.00136,sell,2025-07-02 07:52:09.600172
106995.53,0.08017,sell,2025-07-02 07:52:09.600172
106995.54,5e-05,sell,2025-07-02 07:52:09.600172
106995.72,0.0001,sell,2025-07-02 07:52:09.600172
106995.73,0.06017,sell,2025-07-02 07:52:09.600172
106995.92,0.00021,sell,2025-07-02 07:52:09.600172
106995.93,0.16017,sell,2025-07-02 07:52:09.600172
106996.53,0.0014,sell,2025-07-02 07:52:09.600172
106996.91,0.00029,sell,2025-07-02 07:52:09.600172
106996.92,0.0824,sell,2025-07-02 07:52:09.600172
106996.93,0.03017,sell,2025-07-02 07:52:09.600172
106997.15,0.0001,sell,2025-07-02 07:52:09.600172
106997.16,0.07001,sell,2025-07-02 07:52:09.600172
106997.59,0.0005,sell,2025-07-02 07:52:09.600172
106998.16,0.00057,sell,2025-07-02 07:52:09.600172
106999.0,0.0101,sell,2025-07-02 07:52:09.600172
106999.86,0.0056,sell,2025-07-02 07:52:09.600172
106999.95,0.37128,sell,2025-07-02 07:52:09.600172
106999.98,2.15073,sell,2025-07-02 07:52:09.600172
106999.99,0.47553,sell,2025-07-02 07:52:09.600172
107000.0,18.11746,sell,2025-07-02 07:52:09.600172
107000.01,0.00645,sell,2025-07-02 07:52:09.600172
107000.04,0.30833,sell,2025-07-02 07:52:09.600172
107000.05,0.0004,sell,2025-07-02 07:52:09.600172
107000.07,0.00934,sell,2025-07-02 07:52:09.600172
107000.17,0.0002,sell,2025-07-02 07:52:09.600172
107000.26,7e-05,sell,2025-07-02 07:52:09.600172
107000.28,0.04735,sell,2025-07-02 07:52:09.600172
107000.42,9e-05,sell,2025-07-02 07:52:09.600172
107000.43,0.0021,sell,2025-07-02 07:52:09.600172
107000.46,0.0005,sell,2025-07-02 07:52:09.600172
107000.47,0.00016,sell,2025-07-02 07:52:09.600172
107000.5,0.00025,sell,2025-07-02 07:52:09.600172
107000.52,7e-05,sell,2025-07-02 07:52:09.600172
107000.55,0.00093,sell,2025-07-02 07:52:09.600172
107000.56,0.00033,sell,2025-07-02 07:52:09.600172
107000.59,0.0005,sell,2025-07-02 07:52:09.600172
107000.6,0.00035,sell,2025-07-02 07:52:09.600172
107000.63,0.00085,sell,2025-07-02 07:52:09.600172
107000.66,0.02805,sell,2025-07-02 07:52:09.600172
107000.73,9e-05,sell,2025-07-02 07:52:09.600172
107000.75,0.00069,sell,2025-07-02 07:52:09.600172
107000.78,0.02741,sell,2025-07-02 07:52:09.600172
107000.83,5e-05,sell,2025-07-02 07:52:09.600172
107000.89,0.00467,sell,2025-07-02 07:52:09.600172
107000.94,9e-05,sell,2025-07-02 07:52:09.600172
107001.0,0.00866,sell,2025-07-02 07:52:09.600172
107001.06,0.01844,sell,2025-07-02 07:52:09.600172
107001.17,6e-05,sell,2025-07-02 07:52:09.600172
107001.18,6e-05,sell,2025-07-02 07:52:09.600172
107001.3,0.00044,sell,2025-07-02 07:52:09.600172
107001.5,0.00025,sell,2025-07-02 07:52:09.600172
107001.66,0.07079,sell,2025-07-02 07:52:09.600172
107001.7,0.00054,sell,2025-07-02 07:52:09.600172
107001.73,0.00021,sell,2025-07-02 07:52:09.600172
107001.76,0.0001,sell,2025-07-02 07:52:09.600172
107001.93,0.00092,sell,2025-07-02 07:52:09.600172
107001.95,0.00148,sell,2025-07-02 07:52:09.600172
107002.0,0.0006,sell,2025-07-02 07:52:09.600172
107002.2,9e-05,sell,2025-07-02 07:52:09.600172
107002.46,0.002,sell,2025-07-02 07:52:09.600172
107002.5,0.00025,sell,2025-07-02 07:52:09.600172
107002.54,0.0001,sell,2025-07-02 07:52:09.600172
107002.59,6e-05,sell,2025-07-02 07:52:09.600172
107002.62,0.00011,sell,2025-07-02 07:52:09.600172
107002.7,0.00035,sell,2025-07-02 07:52:09.600172
107002.82,0.00229,sell,2025-07-02 07:52:09.600172
107002.83,0.26634,sell,2025-07-02 07:52:09.600172
107002.93,8e-05,sell,2025-07-02 07:52:09.600172
107002.99,6e-05,sell,2025-07-02 07:52:09.600172
107003.0,0.00025,sell,2025-07-02 07:52:09.600172
107003.11,0.00091,sell,2025-07-02 07:52:09.600172
107003.16,0.00071,sell,2025-07-02 07:52:09.600172
107003.32,8e-05,sell,2025-07-02 07:52:09.600172
107003.35,0.0001,sell,2025-07-02 07:52:09.600172
107003.4,0.36883,sell,2025-07-02 07:52:09.600172
107003.46,0.00097,sell,2025-07-02 07:52:09.600172
107003.5,0.00025,sell,2025-07-02 07:52:09.600172
107003.52,9e-05,sell,2025-07-02 07:52:09.600172
107003.57,0.00067,sell,2025-07-02 07:52:09.600172
107003.69,0.00043,sell,2025-07-02 07:52:09.600172
107003.71,0.04671,sell,2025-07-02 07:52:09.600172
107003.99,0.01287,sell,2025-07-02 07:52:09.600172
107004.0,0.0006,sell,2025-07-02 07:52:09.600172
107004.04,0.02,sell,2025-07-02 07:52:09.600172
107004.1,0.00035,sell,2025-07-02 07:52:09.600172
107004.13,0.048,sell,2025-07-02 07:52:09.600172
107004.36,9e-05,sell,2025-07-02 07:52:09.600172
107004.5,0.00025,sell,2025-07-02 07:52:09.600172
107004.7,8e-05,sell,2025-07-02 07:52:09.600172
107004.78,0.33635,sell,2025-07-02 07:52:09.600172
107004.8,0.00035,sell,2025-07-02 07:52:09.600172
107005.0,0.00045,sell,2025-07-02 07:52:09.600172
107005.19,0.00011,sell,2025-07-02 07:52:09.600172
107005.2,0.048,sell,2025-07-02 07:52:09.600172
107005.35,0.00016,sell,2025-07-02 07:52:09.600172
107005.5,0.0006,sell,2025-07-02 07:52:09.600172
107005.52,0.63889,sell,2025-07-02 07:52:09.600172
107005.66,0.00108,sell,2025-07-02 07:52:09.600172
107005.88,0.00027,sell,2025-07-02 07:52:09.600172
107005.9,9e-05,sell,2025-07-02 07:52:09.600172
107005.92,5e-05,sell,2025-07-02 07:52:09.600172
107006.0,0.00025,sell,2025-07-02 07:52:09.600172
107006.07,6e-05,sell,2025-07-02 07:52:09.600172
107006.12,5e-05,sell,2025-07-02 07:52:09.600172
107006.17,0.00022,sell,2025-07-02 07:52:09.600172
107006.2,0.00035,sell,2025-07-02 07:52:09.600172
107006.35,0.00179,sell,2025-07-02 07:52:09.600172
107006.38,0.00011,sell,2025-07-02 07:52:09.600172
107006.45,0.00947,sell,2025-07-02 07:52:09.600172
107006.5,0.02186,sell,2025-07-02 07:52:09.600172
107006.55,0.00021,sell,2025-07-02 07:52:09.600172
107006.9,0.33669,sell,2025-07-02 07:52:09.600172
107006.93,0.00151,sell,2025-07-02 07:52:09.600172
107007.0,0.00212,sell,2025-07-02 07:52:09.600172
107007.09,0.00017,sell,2025-07-02 07:52:09.600172
107007.18,0.17166,sell,2025-07-02 07:52:09.600172
107007.21,0.00014,sell,2025-07-02 07:52:09.600172
107007.25,0.00012,sell,2025-07-02 07:52:09.600172
107007.34,7e-05,sell,2025-07-02 07:52:09.600172
107007.4,0.00166,sell,2025-07-02 07:52:09.600172
107007.42,5e-05,sell,2025-07-02 07:52:09.600172
107007.5,0.00025,sell,2025-07-02 07:52:09.600172
107007.6,0.00035,sell,2025-07-02 07:52:09.600172
107007.72,0.00015,sell,2025-07-02 07:52:09.600172
107007.73,0.0001,sell,2025-07-02 07:52:09.600172
107007.79,8e-05,sell,2025-07-02 07:52:09.600172
107007.81,0.56094,sell,2025-07-02 07:52:09.600172
107007.94,0.00716,sell,2025-07-02 07:52:09.600172
107008.0,0.0006,sell,2025-07-02 07:52:09.600172
107008.04,0.00032,sell,2025-07-02 07:52:09.600172
107008.12,7e-05,sell,2025-07-02 07:52:09.600172
107008.17,0.00934,sell,2025-07-02 07:52:09.600172
107008.2,6e-05,sell,2025-07-02 07:52:09.600172
107008.22,0.0001,sell,2025-07-02 07:52:09.600172
107008.24,6e-05,sell,2025-07-02 07:52:09.600172
107008.26,6e-05,sell,2025-07-02 07:52:09.600172
107008.27,0.072,sell,2025-07-02 07:52:09.600172
107008.3,0.00035,sell,2025-07-02 07:52:09.600172
107008.5,0.00025,sell,2025-07-02 07:52:09.600172
107008.55,0.01859,sell,2025-07-02 07:52:09.600172
107008.56,0.00028,sell,2025-07-02 07:52:09.600172
107008.58,6e-05,sell,2025-07-02 07:52:09.600172
107008.63,0.00092,sell,2025-07-02 07:52:09.600172
107008.72,0.92696,sell,2025-07-02 07:52:09.600172
107008.74,5e-05,sell,2025-07-02 07:52:09.600172
107009.0,0.0006,sell,2025-07-02 07:52:09.600172
107009.06,0.0001,sell,2025-07-02 07:52:09.600172
107009.11,0.00126,sell,2025-07-02 07:52:09.600172
107009.26,0.00788,sell,2025-07-02 07:52:09.600172
107009.4,0.00331,sell,2025-07-02 07:52:09.600172
107009.48,6e-05,sell,2025-07-02 07:52:09.600172
107009.5,0.00025,sell,2025-07-02 07:52:09.600172
107009.6,0.00097,sell,2025-07-02 07:52:09.600172
107009.63,0.00022,sell,2025-07-02 07:52:09.600172
107009.7,0.00035,sell,2025-07-02 07:52:09.600172
107009.72,5e-05,sell,2025-07-02 07:52:09.600172
107010.0,0.00171,sell,2025-07-02 07:52:09.600172
107010.32,0.33633,sell,2025-07-02 07:52:09.600172
107010.4,0.00035,sell,2025-07-02 07:52:09.600172
107010.47,7e-05,sell,2025-07-02 07:52:09.600172
107010.5,0.00025,sell,2025-07-02 07:52:09.600172
107010.56,0.001,sell,2025-07-02 07:52:09.600172
107010.63,8e-05,sell,2025-07-02 07:52:09.600172
107010.67,0.00207,sell,2025-07-02 07:52:09.600172
107010.69,0.31532,sell,2025-07-02 07:52:09.600172
107010.7,0.01883,sell,2025-07-02 07:52:09.600172
107010.71,0.00011,sell,2025-07-02 07:52:09.600172
107010.87,0.00012,sell,2025-07-02 07:52:09.600172
107010.88,0.00014,sell,2025-07-02 07:52:09.600172
107010.97,0.03365,sell,2025-07-02 07:52:09.600172
107011.0,0.00025,sell,2025-07-02 07:52:09.600172
107011.1,0.00035,sell,2025-07-02 07:52:09.600172
107011.24,0.0001,sell,2025-07-02 07:52:09.600172
107011.33,0.0001,sell,2025-07-02 07:52:09.600172
107011.4,8e-05,sell,2025-07-02 07:52:09.600172
107011.41,5e-05,sell,2025-07-02 07:52:09.600172
107011.42,1.00687,sell,2025-07-02 07:52:09.600172
107011.45,0.00011,sell,2025-07-02 07:52:09.600172
107011.5,0.00476,sell,2025-07-02 07:52:09.600172
107011.65,9e-05,sell,2025-07-02 07:52:09.600172
107011.8,0.00035,sell,2025-07-02 07:52:09.600172
107011.83,0.00011,sell,2025-07-02 07:52:09.600172
107012.0,0.0014,sell,2025-07-02 07:52:09.600172
107012.01,9e-05,sell,2025-07-02 07:52:09.600172
107012.06,0.00187,sell,2025-07-02 07:52:09.600172
107012.15,0.37118,sell,2025-07-02 07:52:09.600172
107012.22,0.00012,sell,2025-07-02 07:52:09.600172
107012.26,0.28047,sell,2025-07-02 07:52:09.600172
107012.3,0.00073,sell,2025-07-02 07:52:09.600172
107012.39,9e-05,sell,2025-07-02 07:52:09.600172
107012.46,0.00036,sell,2025-07-02 07:52:09.600172
107012.5,0.0006,sell,2025-07-02 07:52:09.600172
107012.57,0.00017,sell,2025-07-02 07:52:09.600172
107012.63,0.00011,sell,2025-07-02 07:52:09.600172
107012.66,0.072,sell,2025-07-02 07:52:09.600172
107012.75,0.28069,sell,2025-07-02 07:52:09.600172
107012.9,0.00934,sell,2025-07-02 07:52:09.600172
107012.97,0.0624,sell,2025-07-02 07:52:09.600172
107013.0,0.00025,sell,2025-07-02 07:52:09.600172
107013.01,0.92696,sell,2025-07-02 07:52:09.600172
107013.02,0.00067,sell,2025-07-02 07:52:09.600172
107013.2,0.46978,sell,2025-07-02 07:52:09.600172
107013.23,9e-05,sell,2025-07-02 07:52:09.600172
107013.42,8e-05,sell,2025-07-02 07:52:09.600172
107013.5,0.00025,sell,2025-07-02 07:52:09.600172
107013.52,0.46745,sell,2025-07-02 07:52:09.600172
107013.61,7e-05,sell,2025-07-02 07:52:09.600172
107013.62,0.00061,sell,2025-07-02 07:52:09.600172
107013.63,0.00013,sell,2025-07-02 07:52:09.600172
107013.66,0.00281,sell,2025-07-02 07:52:09.600172
107013.71,0.072,sell,2025-07-02 07:52:09.600172
107013.87,5e-05,sell,2025-07-02 07:52:09.600172
107013.88,6e-05,sell,2025-07-02 07:52:09.600172
107013.9,0.00035,sell,2025-07-02 07:52:09.600172
107013.97,0.00017,sell,2025-07-02 07:52:09.600172
107014.0,0.00025,sell,2025-07-02 07:52:09.600172
107014.02,0.00097,sell,2025-07-02 07:52:09.600172
107014.08,0.0092,sell,2025-07-02 07:52:09.600172
107014.28,0.00029,sell,2025-07-02 07:52:09.600172
107014.39,0.00407,sell,2025-07-02 07:52:09.600172
107014.5,0.00035,sell,2025-07-02 07:52:09.600172
107014.6,0.00035,sell,2025-07-02 07:52:09.600172
107014.72,0.33632,sell,2025-07-02 07:52:09.600172
107014.76,6e-05,sell,2025-07-02 07:52:09.600172
107015.0,0.00025,sell,2025-07-02 07:52:09.600172
107015.06,5e-05,sell,2025-07-02 07:52:09.600172
107015.22,0.92012,sell,2025-07-02 07:52:09.600172
107015.3,0.00035,sell,2025-07-02 07:52:09.600172
107015.5,0.00025,sell,2025-07-02 07:52:09.600172
107015.58,0.585,sell,2025-07-02 07:52:09.600172
107015.69,0.00016,sell,2025-07-02 07:52:09.600172
107015.7,6e-05,sell,2025-07-02 07:52:09.600172
107016.0,0.00108,sell,2025-07-02 07:52:09.600172
107016.04,0.0816,sell,2025-07-02 07:52:09.600172
107016.05,6e-05,sell,2025-07-02 07:52:09.600172
107016.09,0.0002,sell,2025-07-02 07:52:09.600172
107016.12,0.00027,sell,2025-07-02 07:52:09.600172
107016.28,0.0001,sell,2025-07-02 07:52:09.600172
107016.33,0.09346,sell,2025-07-02 07:52:09.600172
107016.35,0.37396,sell,2025-07-02 07:52:09.600172
107016.5,0.00032,sell,2025-07-02 07:52:09.600172
107016.55,0.00467,sell,2025-07-02 07:52:09.600172
107016.56,0.973,sell,2025-07-02 07:52:09.600172
107016.58,0.00127,sell,2025-07-02 07:52:09.600172
107016.7,0.00514,sell,2025-07-02 07:52:09.600172
107016.72,0.00231,sell,2025-07-02 07:52:09.600172
107016.8,0.0001,sell,2025-07-02 07:52:09.600172
107017.0,0.00025,sell,2025-07-02 07:52:09.600172
107017.1,0.00011,sell,2025-07-02 07:52:09.600172
107017.11,0.0624,sell,2025-07-02 07:52:09.600172
107017.16,0.00055,sell,2025-07-02 07:52:09.600172
107017.18,6e-05,sell,2025-07-02 07:52:09.600172
107017.35,0.00882,sell,2025-07-02 07:52:09.600172
107017.4,0.00035,sell,2025-07-02 07:52:09.600172
107017.5,0.00025,sell,2025-07-02 07:52:09.600172
107017.57,6e-05,sell,2025-07-02 07:52:09.600172
107017.66,0.00097,sell,2025-07-02 07:52:09.600172
107017.71,9e-05,sell,2025-07-02 07:52:09.600172
107017.8,6e-05,sell,2025-07-02 07:52:09.600172
107017.82,0.00011,sell,2025-07-02 07:52:09.600172
107017.85,0.00019,sell,2025-07-02 07:52:09.600172
107017.92,0.00034,sell,2025-07-02 07:52:09.600172
107018.0,0.92721,sell,2025-07-02 07:52:09.600172
107018.05,7e-05,sell,2025-07-02 07:52:09.600172
107018.1,0.00035,sell,2025-07-02 07:52:09.600172
107018.18,0.00229,sell,2025-07-02 07:52:09.600172
107018.22,0.0576,sell,2025-07-02 07:52:09.600172
107018.25,0.072,sell,2025-07-02 07:52:09.600172
107018.29,0.00018,sell,2025-07-02 07:52:09.600172
107018.3,7e-05,sell,2025-07-02 07:52:09.600172
107018.33,0.00025,sell,2025-07-02 07:52:09.600172
107018.5,0.00025,sell,2025-07-02 07:52:09.600172
107018.58,0.37118,sell,2025-07-02 07:52:09.600172
107018.73,0.00097,sell,2025-07-02 07:52:09.600172
107018.75,0.00338,sell,2025-07-02 07:52:09.600172
107018.8,0.00035,sell,2025-07-02 07:52:09.600172
107018.86,5e-05,sell,2025-07-02 07:52:09.600172
107018.88,0.0001,sell,2025-07-02 07:52:09.600172
107018.91,0.00044,sell,2025-07-02 07:52:09.600172
107019.0,0.00025,sell,2025-07-02 07:52:09.600172
107019.11,0.00025,sell,2025-07-02 07:52:09.600172
107019.23,0.00031,sell,2025-07-02 07:52:09.600172
107019.5,0.0006,sell,2025-07-02 07:52:09.600172
107019.86,0.00037,sell,2025-07-02 07:52:09.600172
107019.93,0.00209,sell,2025-07-02 07:52:09.600172
107019.98,0.4207,sell,2025-07-02 07:52:09.600172
107020.0,0.01956,sell,2025-07-02 07:52:09.600172
107020.01,0.00216,sell,2025-07-02 07:52:09.600172
107020.09,0.00135,sell,2025-07-02 07:52:09.600172
107020.12,0.002,sell,2025-07-02 07:52:09.600172
107020.2,0.00035,sell,2025-07-02 07:52:09.600172
107020.39,0.00052,sell,2025-07-02 07:52:09.600172
107020.4,6e-05,sell,2025-07-02 07:52:09.600172
107020.5,0.00025,sell,2025-07-02 07:52:09.600172
107020.54,6e-05,sell,2025-07-02 07:52:09.600172
107020.72,0.00029,sell,2025-07-02 07:52:09.600172
107020.75,5e-05,sell,2025-07-02 07:52:09.600172
107020.85,0.03112,sell,2025-07-02 07:52:09.600172
107020.9,0.00035,sell,2025-07-02 07:52:09.600172
107020.93,0.25046,sell,2025-07-02 07:52:09.600172
107021.0,0.00025,sell,2025-07-02 07:52:09.600172
107021.09,0.04375,sell,2025-07-02 07:52:09.600172
107021.34,8e-05,sell,2025-07-02 07:52:09.600172
107021.4,6e-05,sell,2025-07-02 07:52:09.600172
107021.5,0.00025,sell,2025-07-02 07:52:09.600172
107021.6,0.00035,sell,2025-07-02 07:52:09.600172
107021.61,0.67401,sell,2025-07-02 07:52:09.600172
107021.62,6e-05,sell,2025-07-02 07:52:09.600172
107021.64,8e-05,sell,2025-07-02 07:52:09.600172
107021.66,0.00072,sell,2025-07-02 07:52:09.600172
107021.7,0.00049,sell,2025-07-02 07:52:09.600172
107021.73,0.0001,sell,2025-07-02 07:52:09.600172
107021.88,5e-05,sell,2025-07-02 07:52:09.600172
107021.96,0.00104,sell,2025-07-02 07:52:09.600172
107021.99,5e-05,sell,2025-07-02 07:52:09.600172
107022.0,0.00969,sell,2025-07-02 07:52:09.600172
107022.15,0.27676,sell,2025-07-02 07:52:09.600172
107022.18,0.00848,sell,2025-07-02 07:52:09.600172
107022.21,0.0001,sell,2025-07-02 07:52:09.600172
107022.3,0.00035,sell,2025-07-02 07:52:09.600172
107022.4,8e-05,sell,2025-07-02 07:52:09.600172
107022.47,8e-05,sell,2025-07-02 07:52:09.600172
107022.5,0.00025,sell,2025-07-02 07:52:09.600172
107022.51,6e-05,sell,2025-07-02 07:52:09.600172
107022.52,0.00038,sell,2025-07-02 07:52:09.600172
107022.72,0.0024,sell,2025-07-02 07:52:09.600172
107022.76,0.0001,sell,2025-07-02 07:52:09.600172
107022.95,0.0001,sell,2025-07-02 07:52:09.600172
107022.96,6e-05,sell,2025-07-02 07:52:09.600172
107023.0,0.0006,sell,2025-07-02 07:52:09.600172
107023.14,0.04701,sell,2025-07-02 07:52:09.600172
107023.25,0.00015,sell,2025-07-02 07:52:09.600172
107023.27,0.00013,sell,2025-07-02 07:52:09.600172
107023.37,0.00283,sell,2025-07-02 07:52:09.600172
107023.5,0.00025,sell,2025-07-02 07:52:09.600172
107023.52,7e-05,sell,2025-07-02 07:52:09.600172
107023.7,0.00035,sell,2025-07-02 07:52:09.600172
107024.0,0.0006,sell,2025-07-02 07:52:09.600172
107024.07,0.46745,sell,2025-07-02 07:52:09.600172
107024.1,0.00221,sell,2025-07-02 07:52:09.600172
107024.15,5e-05,sell,2025-07-02 07:52:09.600172
107024.24,0.0003,sell,2025-07-02 07:52:09.600172
107024.28,0.00093,sell,2025-07-02 07:52:09.600172
107024.4,0.00035,sell,2025-07-02 07:52:09.600172
107024.5,0.00025,sell,2025-07-02 07:52:09.600172
107024.61,8e-05,sell,2025-07-02 07:52:09.600172
107024.62,0.00041,sell,2025-07-02 07:52:09.600172
107024.87,0.00097,sell,2025-07-02 07:52:09.600172
107024.88,7e-05,sell,2025-07-02 07:52:09.600172
107024.95,0.4207,sell,2025-07-02 07:52:09.600172
107025.0,0.00137,sell,2025-07-02 07:52:09.600172
107025.02,0.28047,sell,2025-07-02 07:52:09.600172
107025.03,6e-05,sell,2025-07-02 07:52:09.600172
107025.07,5e-05,sell,2025-07-02 07:52:09.600172
107025.1,0.00035,sell,2025-07-02 07:52:09.600172
107025.35,0.00067,sell,2025-07-02 07:52:09.600172
107025.37,0.28047,sell,2025-07-02 07:52:09.600172
107025.41,6e-05,sell,2025-07-02 07:52:09.600172
107025.46,8e-05,sell,2025-07-02 07:52:09.600172
107025.5,0.00025,sell,2025-07-02 07:52:09.600172
107025.59,0.00097,sell,2025-07-02 07:52:09.600172
107025.63,5e-05,sell,2025-07-02 07:52:09.600172
107025.67,0.00038,sell,2025-07-02 07:52:09.600172
107025.78,0.29611,sell,2025-07-02 07:52:09.600172
107025.8,0.00035,sell,2025-07-02 07:52:09.600172
107025.99,6e-05,sell,2025-07-02 07:52:09.600172
107026.0,0.00025,sell,2025-07-02 07:52:09.600172
107026.12,0.00025,sell,2025-07-02 07:52:09.600172
107026.14,0.014,sell,2025-07-02 07:52:09.600172
107026.25,0.585,sell,2025-07-02 07:52:09.600172
107026.26,0.00421,sell,2025-07-02 07:52:09.600172
107026.31,0.0001,sell,2025-07-02 07:52:09.600172
107026.37,7e-05,sell,2025-07-02 07:52:09.600172
107026.42,0.08088,sell,2025-07-02 07:52:09.600172
107026.5,0.0006,sell,2025-07-02 07:52:09.600172
107026.69,0.0056,sell,2025-07-02 07:52:09.600172
107026.75,6e-05,sell,2025-07-02 07:52:09.600172
107026.76,0.15318,sell,2025-07-02 07:52:09.600172
107027.0,0.003,sell,2025-07-02 07:52:09.600172
107027.02,0.00025,sell,2025-07-02 07:52:09.600172
107027.2,0.00035,sell,2025-07-02 07:52:09.600172
107027.28,5e-05,sell,2025-07-02 07:52:09.600172
107027.46,6e-05,sell,2025-07-02 07:52:09.600172
107027.5,0.00025,sell,2025-07-02 07:52:09.600172
107027.55,0.003,sell,2025-07-02 07:52:09.600172
107027.61,0.00788,sell,2025-07-02 07:52:09.600172
107027.62,0.0001,sell,2025-07-02 07:52:09.600172
107027.68,0.00014,sell,2025-07-02 07:52:09.600172
107027.71,0.6,sell,2025-07-02 07:52:09.600172
107027.9,0.00035,sell,2025-07-02 07:52:09.600172
107027.97,0.00022,sell,2025-07-02 07:52:09.600172
107028.0,0.0006,sell,2025-07-02 07:52:09.600172
107028.19,0.00372,sell,2025-07-02 07:52:09.600172
107028.4,0.00194,sell,2025-07-02 07:52:09.600172
107028.5,0.00025,sell,2025-07-02 07:52:09.600172
107028.55,0.00036,sell,2025-07-02 07:52:09.600172
107028.6,0.00035,sell,2025-07-02 07:52:09.600172
107028.64,0.00012,sell,2025-07-02 07:52:09.600172
107028.79,9e-05,sell,2025-07-02 07:52:09.600172
107028.82,0.03842,sell,2025-07-02 07:52:09.600172
107029.0,0.00025,sell,2025-07-02 07:52:09.600172
107029.01,0.94567,sell,2025-07-02 07:52:09.600172
107029.02,0.92696,sell,2025-07-02 07:52:09.600172
107029.17,0.00012,sell,2025-07-02 07:52:09.600172
107029.18,0.37118,sell,2025-07-02 07:52:09.600172
107029.3,0.00035,sell,2025-07-02 07:52:09.600172
107029.38,0.00016,sell,2025-07-02 07:52:09.600172
107029.41,0.00212,sell,2025-07-02 07:52:09.600172
107029.5,0.00025,sell,2025-07-02 07:52:09.600172
107029.9,0.76619,sell,2025-07-02 07:52:09.600172
107029.96,0.00018,sell,2025-07-02 07:52:09.600172
107030.0,0.0006,sell,2025-07-02 07:52:09.600172
107030.21,0.0003,sell,2025-07-02 07:52:09.600172
107030.33,0.00016,sell,2025-07-02 07:52:09.600172
107030.42,0.04546,sell,2025-07-02 07:52:09.600172
107030.5,0.00025,sell,2025-07-02 07:52:09.600172
107030.51,0.00086,sell,2025-07-02 07:52:09.600172
107030.55,0.02832,sell,2025-07-02 07:52:09.600172
107030.7,0.00035,sell,2025-07-02 07:52:09.600172
107030.83,0.02,sell,2025-07-02 07:52:09.600172
107030.86,9e-05,sell,2025-07-02 07:52:09.600172
107030.9,7e-05,sell,2025-07-02 07:52:09.600172
107031.0,0.00025,sell,2025-07-02 07:52:09.600172
107031.15,5e-05,sell,2025-07-02 07:52:09.600172
107031.25,0.00044,sell,2025-07-02 07:52:09.600172
107031.4,0.00035,sell,2025-07-02 07:52:09.600172
107031.43,0.56094,sell,2025-07-02 07:52:09.600172
107031.5,0.00032,sell,2025-07-02 07:52:09.600172
107031.51,0.00021,sell,2025-07-02 07:52:09.600172
107031.52,6e-05,sell,2025-07-02 07:52:09.600172
107031.56,0.00013,sell,2025-07-02 07:52:09.600172
107031.78,0.00034,sell,2025-07-02 07:52:09.600172
107031.92,7e-05,sell,2025-07-02 07:52:09.600172
107032.0,0.0006,sell,2025-07-02 07:52:09.600172
107032.01,8e-05,sell,2025-07-02 07:52:09.600172
107032.05,8e-05,sell,2025-07-02 07:52:09.600172
107032.07,0.4207,sell,2025-07-02 07:52:09.600172
107032.1,0.0005,sell,2025-07-02 07:52:09.600172
107032.2,7e-05,sell,2025-07-02 07:52:09.600172
107032.5,0.00025,sell,2025-07-02 07:52:09.600172
107032.57,5e-05,sell,2025-07-02 07:52:09.600172
107032.58,0.15318,sell,2025-07-02 07:52:09.600172
107032.65,0.00138,sell,2025-07-02 07:52:09.600172
107032.75,6e-05,sell,2025-07-02 07:52:09.600172
107032.8,0.00035,sell,2025-07-02 07:52:09.600172
107032.84,0.00114,sell,2025-07-02 07:52:09.600172
107032.86,0.00101,sell,2025-07-02 07:52:09.600172
107032.94,9e-05,sell,2025-07-02 07:52:09.600172
107032.95,0.0001,sell,2025-07-02 07:52:09.600172
107033.0,0.00035,sell,2025-07-02 07:52:09.600172
107033.09,0.01401,sell,2025-07-02 07:52:09.600172
107033.21,0.00169,sell,2025-07-02 07:52:09.600172
107033.23,0.00041,sell,2025-07-02 07:52:09.600172
107033.33,0.00375,sell,2025-07-02 07:52:09.600172
107033.36,0.00018,sell,2025-07-02 07:52:09.600172
107033.5,0.0006,sell,2025-07-02 07:52:09.600172
107033.75,1.22343,sell,2025-07-02 07:52:09.600172
107033.76,0.92696,sell,2025-07-02 07:52:09.600172
107033.84,0.0037,sell,2025-07-02 07:52:09.600172
107033.94,0.00048,sell,2025-07-02 07:52:09.600172
107033.95,7e-05,sell,2025-07-02 07:52:09.600172
107033.99,0.43064,sell,2025-07-02 07:52:09.600172
107034.0,0.00025,sell,2025-07-02 07:52:09.600172
107034.2,0.00035,sell,2025-07-02 07:52:09.600172
107034.24,0.00304,sell,2025-07-02 07:52:09.600172
107034.36,5e-05,sell,2025-07-02 07:52:09.600172
107034.46,0.0001,sell,2025-07-02 07:52:09.600172
107034.48,6e-05,sell,2025-07-02 07:52:09.600172
107034.5,0.00025,sell,2025-07-02 07:52:09.600172
107034.78,0.00011,sell,2025-07-02 07:52:09.600172
107034.92,0.0001,sell,2025-07-02 07:52:09.600172
107034.96,7e-05,sell,2025-07-02 07:52:09.600172
107034.98,0.00093,sell,2025-07-02 07:52:09.600172
107035.0,0.00025,sell,2025-07-02 07:52:09.600172
107035.03,0.048,sell,2025-07-02 07:52:09.600172
107035.24,9e-05,sell,2025-07-02 07:52:09.600172
107035.33,0.0011,sell,2025-07-02 07:52:09.600172
107035.49,0.01312,sell,2025-07-02 07:52:09.600172
107035.5,0.00025,sell,2025-07-02 07:52:09.600172
107035.66,0.03706,sell,2025-07-02 07:52:09.600172
107035.7,7e-05,sell,2025-07-02 07:52:09.600172
107035.74,0.00031,sell,2025-07-02 07:52:09.600172
107035.81,7e-05,sell,2025-07-02 07:52:09.600172
107035.9,0.0001,sell,2025-07-02 07:52:09.600172
107035.98,5e-05,sell,2025-07-02 07:52:09.600172
107035.99,0.00035,sell,2025-07-02 07:52:09.600172
107036.0,0.00086,sell,2025-07-02 07:52:09.600172
107036.11,0.048,sell,2025-07-02 07:52:09.600172
107036.14,0.4,sell,2025-07-02 07:52:09.600172
107036.22,0.28047,sell,2025-07-02 07:52:09.600172
107036.23,0.00013,sell,2025-07-02 07:52:09.600172
107036.25,0.00081,sell,2025-07-02 07:52:09.600172
107036.3,5e-05,sell,2025-07-02 07:52:09.600172
107036.4,0.00151,sell,2025-07-02 07:52:09.600172
107036.46,0.0002,sell,2025-07-02 07:52:09.600172
107036.5,0.00025,sell,2025-07-02 07:52:09.600172
107036.75,5e-05,sell,2025-07-02 07:52:09.600172
107036.83,8e-05,sell,2025-07-02 07:52:09.600172
107036.86,0.08,sell,2025-07-02 07:52:09.600172
107036.91,0.37194,sell,2025-07-02 07:52:09.600172
107036.92,0.585,sell,2025-07-02 07:52:09.600172
107036.95,0.00229,sell,2025-07-02 07:52:09.600172
107036.97,0.0001,sell,2025-07-02 07:52:09.600172
107036.99,0.25046,sell,2025-07-02 07:52:09.600172
107037.0,0.00025,sell,2025-07-02 07:52:09.600172
107037.03,0.00014,sell,2025-07-02 07:52:09.600172
107037.39,6e-05,sell,2025-07-02 07:52:09.600172
107037.45,6e-05,sell,2025-07-02 07:52:09.600172
107037.5,0.00031,sell,2025-07-02 07:52:09.600172
107037.56,0.08,sell,2025-07-02 07:52:09.600172
107037.58,0.01874,sell,2025-07-02 07:52:09.600172
107037.6,0.0001,sell,2025-07-02 07:52:09.600172
107037.73,0.00016,sell,2025-07-02 07:52:09.600172
107037.8,0.00014,sell,2025-07-02 07:52:09.600172
107037.82,0.00013,sell,2025-07-02 07:52:09.600172
107037.86,5e-05,sell,2025-07-02 07:52:09.600172
107037.94,0.00169,sell,2025-07-02 07:52:09.600172
107038.0,0.00025,sell,2025-07-02 07:52:09.600172
107038.41,0.99934,sell,2025-07-02 07:52:09.600172
107038.49,0.00014,sell,2025-07-02 07:52:09.600172
107038.5,0.00025,sell,2025-07-02 07:52:09.600172
107038.65,0.15228,sell,2025-07-02 07:52:09.600172
107038.81,0.00012,sell,2025-07-02 07:52:09.600172
107038.84,0.00036,sell,2025-07-02 07:52:09.600172
107038.87,0.46943,sell,2025-07-02 07:52:09.600172
107038.96,0.00039,sell,2025-07-02 07:52:09.600172
107039.0,0.00025,sell,2025-07-02 07:52:09.600172
107039.33,0.00028,sell,2025-07-02 07:52:09.600172
107039.39,0.0467,sell,2025-07-02 07:52:09.600172
107039.49,0.00011,sell,2025-07-02 07:52:09.600172
107039.5,0.00025,sell,2025-07-02 07:52:09.600172
107039.64,0.00011,sell,2025-07-02 07:52:09.600172
107039.71,0.00055,sell,2025-07-02 07:52:09.600172
107039.92,0.0018,sell,2025-07-02 07:52:09.600172
107040.0,0.0294,sell,2025-07-02 07:52:09.600172
107040.05,0.00015,sell,2025-07-02 07:52:09.600172
107040.08,0.00767,sell,2025-07-02 07:52:09.600172
107040.09,0.0001,sell,2025-07-02 07:52:09.600172
107040.27,7e-05,sell,2025-07-02 07:52:09.600172
107040.5,0.00025,sell,2025-07-02 07:52:09.600172
107040.61,0.00102,sell,2025-07-02 07:52:09.600172
107040.93,0.00094,sell,2025-07-02 07:52:09.600172
107041.0,0.00025,sell,2025-07-02 07:52:09.600172
107041.11,0.28047,sell,2025-07-02 07:52:09.600172
107041.27,0.0681,sell,2025-07-02 07:52:09.600172
107041.5,0.00025,sell,2025-07-02 07:52:09.600172
107041.6,0.11633,sell,2025-07-02 07:52:09.600172
107041.66,0.00024,sell,2025-07-02 07:52:09.600172
107041.67,0.00016,sell,2025-07-02 07:52:09.600172
107041.7,0.00025,sell,2025-07-02 07:52:09.600172
107041.71,0.56239,sell,2025-07-02 07:52:09.600172
107042.0,0.00025,sell,2025-07-02 07:52:09.600172
107042.24,0.00029,sell,2025-07-02 07:52:09.600172
107042.3,0.00022,sell,2025-07-02 07:52:09.600172
107042.32,0.92696,sell,2025-07-02 07:52:09.600172
107042.49,0.00048,sell,2025-07-02 07:52:09.600172
107042.55,0.00034,sell,2025-07-02 07:52:09.600172
107042.76,8e-05,sell,2025-07-02 07:52:09.600172
107042.8,6e-05,sell,2025-07-02 07:52:09.600172
107042.85,0.00011,sell,2025-07-02 07:52:09.600172
107042.93,0.0001,sell,2025-07-02 07:52:09.600172
107043.15,5e-05,sell,2025-07-02 07:52:09.600172
107043.3,5e-05,sell,2025-07-02 07:52:09.600172
107043.32,0.00157,sell,2025-07-02 07:52:09.600172
107043.44,0.00018,sell,2025-07-02 07:52:09.600172
107043.47,0.00077,sell,2025-07-02 07:52:09.600172
107043.49,0.05,sell,2025-07-02 07:52:09.600172
107043.6,0.00307,sell,2025-07-02 07:52:09.600172
107043.65,0.00043,sell,2025-07-02 07:52:09.600172
107043.78,0.51958,sell,2025-07-02 07:52:09.600172
107043.79,0.53734,sell,2025-07-02 07:52:09.600172
107043.98,0.0001,sell,2025-07-02 07:52:09.600172
107044.0,0.00035,sell,2025-07-02 07:52:09.600172
107044.08,0.00267,sell,2025-07-02 07:52:09.600172
107044.1,0.4,sell,2025-07-02 07:52:09.600172
107044.45,6e-05,sell,2025-07-02 07:52:09.600172
107044.46,0.00095,sell,2025-07-02 07:52:09.600172
107044.5,0.00025,sell,2025-07-02 07:52:09.600172
107044.58,0.1511,sell,2025-07-02 07:52:09.600172
107044.7,0.00035,sell,2025-07-02 07:52:09.600172
107044.86,0.0001,sell,2025-07-02 07:52:09.600172
107044.95,5e-05,sell,2025-07-02 07:52:09.600172
107044.96,6e-05,sell,2025-07-02 07:52:09.600172
107045.0,0.00045,sell,2025-07-02 07:52:09.600172
107045.07,7e-05,sell,2025-07-02 07:52:09.600172
107045.22,0.00014,sell,2025-07-02 07:52:09.600172
107045.27,0.00063,sell,2025-07-02 07:52:09.600172
107045.3,0.00016,sell,2025-07-02 07:52:09.600172
107045.4,0.00035,sell,2025-07-02 07:52:09.600172
107045.45,0.00044,sell,2025-07-02 07:52:09.600172
107045.49,0.00011,sell,2025-07-02 07:52:09.600172
107045.5,0.00025,sell,2025-07-02 07:52:09.600172
107045.68,0.00093,sell,2025-07-02 07:52:09.600172
107045.87,0.00011,sell,2025-07-02 07:52:09.600172
107046.0,0.02802,sell,2025-07-02 07:52:09.600172
107046.1,0.00035,sell,2025-07-02 07:52:09.600172
107046.13,0.01188,sell,2025-07-02 07:52:09.600172
107046.59,8e-05,sell,2025-07-02 07:52:09.600172
107046.73,0.56094,sell,2025-07-02 07:52:09.600172
107046.8,0.00035,sell,2025-07-02 07:52:09.600172
107046.85,6e-05,sell,2025-07-02 07:52:09.600172
107046.93,0.0001,sell,2025-07-02 07:52:09.600172
107047.05,0.28056,sell,2025-07-02 07:52:09.600172
107047.5,0.00035,sell,2025-07-02 07:52:09.600172
107047.59,0.585,sell,2025-07-02 07:52:09.600172
107047.61,5e-05,sell,2025-07-02 07:52:09.600172
107047.71,0.00039,sell,2025-07-02 07:52:09.600172
107047.72,0.00122,sell,2025-07-02 07:52:09.600172
107047.92,0.00055,sell,2025-07-02 07:52:09.600172
107048.0,0.00035,sell,2025-07-02 07:52:09.600172
107048.06,7e-05,sell,2025-07-02 07:52:09.600172
107048.15,6e-05,sell,2025-07-02 07:52:09.600172
107048.18,0.00788,sell,2025-07-02 07:52:09.600172
107048.19,0.00029,sell,2025-07-02 07:52:09.600172
107048.2,0.00035,sell,2025-07-02 07:52:09.600172
107048.33,0.28047,sell,2025-07-02 07:52:09.600172
107048.43,0.56094,sell,2025-07-02 07:52:09.600172
107048.44,5e-05,sell,2025-07-02 07:52:09.600172
107048.48,0.36783,sell,2025-07-02 07:52:09.600172
107048.63,1.26733,sell,2025-07-02 07:52:09.600172
107048.89,0.00152,sell,2025-07-02 07:52:09.600172
107048.9,0.00035,sell,2025-07-02 07:52:09.600172
107048.97,0.0016,sell,2025-07-02 07:52:09.600172
107049.0,0.00022,sell,2025-07-02 07:52:09.600172
107049.04,6e-05,sell,2025-07-02 07:52:09.600172
107049.11,9e-05,sell,2025-07-02 07:52:09.600172
107049.12,0.0013,sell,2025-07-02 07:52:09.600172
107049.25,0.00012,sell,2025-07-02 07:52:09.600172
107049.41,8e-05,sell,2025-07-02 07:52:09.600172
107049.52,5e-05,sell,2025-07-02 07:52:09.600172
107049.6,0.00035,sell,2025-07-02 07:52:09.600172
107049.75,0.37118,sell,2025-07-02 07:52:09.600172
107050.0,0.01389,sell,2025-07-02 07:52:09.600172
107050.01,0.00025,sell,2025-07-02 07:52:09.600172
107050.14,0.14999,sell,2025-07-02 07:52:09.600172
107050.29,6e-05,sell,2025-07-02 07:52:09.600172
107050.3,0.00035,sell,2025-07-02 07:52:09.600172
107050.34,7e-05,sell,2025-07-02 07:52:09.600172
107050.36,0.0001,sell,2025-07-02 07:52:09.600172
107050.43,0.00024,sell,2025-07-02 07:52:09.600172
107050.6,0.00013,sell,2025-07-02 07:52:09.600172
107050.65,0.02198,sell,2025-07-02 07:52:09.600172
107050.79,0.02996,sell,2025-07-02 07:52:09.600172
107050.8,0.0023,sell,2025-07-02 07:52:09.600172
107050.88,0.93557,sell,2025-07-02 07:52:09.600172
107050.96,0.0001,sell,2025-07-02 07:52:09.600172
107051.0,0.00035,sell,2025-07-02 07:52:09.600172
107051.43,0.02897,sell,2025-07-02 07:52:09.600172
107051.49,0.05,sell,2025-07-02 07:52:09.600172
107051.52,0.0027,sell,2025-07-02 07:52:09.600172
107051.65,7e-05,sell,2025-07-02 07:52:09.600172
107051.7,0.00204,sell,2025-07-02 07:52:09.600172
107051.72,9e-05,sell,2025-07-02 07:52:09.600172
107051.76,0.00011,sell,2025-07-02 07:52:09.600172
107051.84,0.02243,sell,2025-07-02 07:52:09.600172
107051.86,0.08,sell,2025-07-02 07:52:09.600172
107051.88,0.00014,sell,2025-07-02 07:52:09.600172
107051.9,0.00113,sell,2025-07-02 07:52:09.600172
107052.0,0.00041,sell,2025-07-02 07:52:09.600172
107052.3,0.02243,sell,2025-07-02 07:52:09.600172
107052.35,0.00016,sell,2025-07-02 07:52:09.600172
107052.39,1.8406,sell,2025-07-02 07:52:09.600172
107052.4,0.00035,sell,2025-07-02 07:52:09.600172
107052.47,0.00019,sell,2025-07-02 07:52:09.600172
107052.63,8e-05,sell,2025-07-02 07:52:09.600172
107052.65,0.0299,sell,2025-07-02 07:52:09.600172
107052.66,0.04497,sell,2025-07-02 07:52:09.600172
107052.67,5e-05,sell,2025-07-02 07:52:09.600172
107052.68,0.00235,sell,2025-07-02 07:52:09.600172
107052.76,0.02803,sell,2025-07-02 07:52:09.600172
107052.95,0.00303,sell,2025-07-02 07:52:09.600172
107053.05,0.25046,sell,2025-07-02 07:52:09.600172
107053.1,0.00035,sell,2025-07-02 07:52:09.600172
107053.24,0.00042,sell,2025-07-02 07:52:09.600172
107053.25,9e-05,sell,2025-07-02 07:52:09.600172
107053.47,8e-05,sell,2025-07-02 07:52:09.600172
107053.5,6e-05,sell,2025-07-02 07:52:09.600172
107053.54,6e-05,sell,2025-07-02 07:52:09.600172
107053.55,0.02897,sell,2025-07-02 07:52:09.600172
107053.66,0.00017,sell,2025-07-02 07:52:09.600172
107053.73,5e-05,sell,2025-07-02 07:52:09.600172
107053.77,0.0128,sell,2025-07-02 07:52:09.600172
107053.8,0.00035,sell,2025-07-02 07:52:09.600172
107053.95,0.0001,sell,2025-07-02 07:52:09.600172
107053.99,8e-05,sell,2025-07-02 07:52:09.600172
107054.05,0.00036,sell,2025-07-02 07:52:09.600172
107054.13,0.0215,sell,2025-07-02 07:52:09.600172
107054.2,0.00415,sell,2025-07-02 07:52:09.600172
107054.45,0.00232,sell,2025-07-02 07:52:09.600172
107054.5,0.00035,sell,2025-07-02 07:52:09.600172
107054.54,0.00125,sell,2025-07-02 07:52:09.600172
107054.84,0.04497,sell,2025-07-02 07:52:09.600172
107054.85,0.03178,sell,2025-07-02 07:52:09.600172
107054.9,0.00054,sell,2025-07-02 07:52:09.600172
107054.94,6e-05,sell,2025-07-02 07:52:09.600172
107055.11,0.0299,sell,2025-07-02 07:52:09.600172
107055.17,0.02518,sell,2025-07-02 07:52:09.600172
107055.2,0.00035,sell,2025-07-02 07:52:09.600172
107055.4,0.00031,sell,2025-07-02 07:52:09.600172
107055.51,0.0001,sell,2025-07-02 07:52:09.600172
107055.55,0.00017,sell,2025-07-02 07:52:09.600172
107055.57,0.00038,sell,2025-07-02 07:52:09.600172
107055.61,0.00018,sell,2025-07-02 07:52:09.600172
107055.73,0.00672,sell,2025-07-02 07:52:09.600172
107055.9,0.00035,sell,2025-07-02 07:52:09.600172
107055.91,7e-05,sell,2025-07-02 07:52:09.600172
107055.92,0.00068,sell,2025-07-02 07:52:09.600172
107055.97,0.00546,sell,2025-07-02 07:52:09.600172
107056.0,0.00035,sell,2025-07-02 07:52:09.600172
107056.03,0.00145,sell,2025-07-02 07:52:09.600172
107056.05,0.02803,sell,2025-07-02 07:52:09.600172
107056.26,0.02897,sell,2025-07-02 07:52:09.600172
107056.3,0.0001,sell,2025-07-02 07:52:09.600172
107056.43,0.14999,sell,2025-07-02 07:52:09.600172
107056.6,0.00035,sell,2025-07-02 07:52:09.600172
107056.65,0.0047,sell,2025-07-02 07:52:09.600172
107056.77,0.2922,sell,2025-07-02 07:52:09.600172
107056.83,0.0001,sell,2025-07-02 07:52:09.600172
107056.89,5e-05,sell,2025-07-02 07:52:09.600172
107057.01,0.04497,sell,2025-07-02 07:52:09.600172
107057.3,0.00035,sell,2025-07-02 07:52:09.600172
107057.43,0.03178,sell,2025-07-02 07:52:09.600172
107057.5,5e-05,sell,2025-07-02 07:52:09.600172
107057.53,0.0299,sell,2025-07-02 07:52:09.600172
107057.77,0.0056,sell,2025-07-02 07:52:09.600172
107057.81,0.04497,sell,2025-07-02 07:52:09.600172
107057.88,6e-05,sell,2025-07-02 07:52:09.600172
107057.93,0.00215,sell,2025-07-02 07:52:09.600172
107058.0,0.00225,sell,2025-07-02 07:52:09.600172
107058.14,0.0215,sell,2025-07-02 07:52:09.600172
107058.26,0.585,sell,2025-07-02 07:52:09.600172
107058.47,6e-05,sell,2025-07-02 07:52:09.600172
107058.49,6e-05,sell,2025-07-02 07:52:09.600172
107058.65,8e-05,sell,2025-07-02 07:52:09.600172
107058.69,0.01453,sell,2025-07-02 07:52:09.600172
107058.7,0.00035,sell,2025-07-02 07:52:09.600172
107058.82,0.02804,sell,2025-07-02 07:52:09.600172
107058.94,0.00256,sell,2025-07-02 07:52:09.600172
107058.96,0.00025,sell,2025-07-02 07:52:09.600172
107059.0,0.00021,sell,2025-07-02 07:52:09.600172
107059.01,0.00229,sell,2025-07-02 07:52:09.600172
107059.02,5e-05,sell,2025-07-02 07:52:09.600172
107059.06,0.02803,sell,2025-07-02 07:52:09.600172
107059.07,0.04497,sell,2025-07-02 07:52:09.600172
107059.1,0.02897,sell,2025-07-02 07:52:09.600172
107059.16,0.00283,sell,2025-07-02 07:52:09.600172
107059.19,0.00014,sell,2025-07-02 07:52:09.600172
107059.22,0.01573,sell,2025-07-02 07:52:09.600172
107059.28,0.0001,sell,2025-07-02 07:52:09.600172
107059.4,0.00035,sell,2025-07-02 07:52:09.600172
107059.44,0.92696,sell,2025-07-02 07:52:09.600172
107059.64,7e-05,sell,2025-07-02 07:52:09.600172
107059.7,0.0299,sell,2025-07-02 07:52:09.600172
107059.81,0.02243,sell,2025-07-02 07:52:09.600172
107059.93,0.00028,sell,2025-07-02 07:52:09.600172
107059.97,1.22243,sell,2025-07-02 07:52:09.600172
107059.99,0.00125,sell,2025-07-02 07:52:09.600172
107060.0,0.02092,sell,2025-07-02 07:52:09.600172
107060.1,0.00035,sell,2025-07-02 07:52:09.600172
107060.12,0.00056,sell,2025-07-02 07:52:09.600172
107060.15,0.0011,sell,2025-07-02 07:52:09.600172
107060.2,6e-05,sell,2025-07-02 07:52:09.600172
107060.24,0.00019,sell,2025-07-02 07:52:09.600172
107060.25,0.0005,sell,2025-07-02 07:52:09.600172
107060.37,0.02,sell,2025-07-02 07:52:09.600172
107060.5,7e-05,sell,2025-07-02 07:52:09.600172
107060.59,7e-05,sell,2025-07-02 07:52:09.600172
107060.66,0.04497,sell,2025-07-02 07:52:09.600172
107060.73,5e-05,sell,2025-07-02 07:52:09.600172
107060.76,6e-05,sell,2025-07-02 07:52:09.600172
107060.8,0.00035,sell,2025-07-02 07:52:09.600172
107060.83,0.00192,sell,2025-07-02 07:52:09.600172
107061.23,0.04497,sell,2025-07-02 07:52:09.600172
107061.33,0.0002,sell,2025-07-02 07:52:09.600172
107061.44,0.00092,sell,2025-07-02 07:52:09.600172
107061.5,0.00035,sell,2025-07-02 07:52:09.600172
107061.59,0.0299,sell,2025-07-02 07:52:09.600172
107061.63,0.02803,sell,2025-07-02 07:52:09.600172
107061.73,6e-05,sell,2025-07-02 07:52:09.600172
107061.75,5e-05,sell,2025-07-02 07:52:09.600172
107061.77,5e-05,sell,2025-07-02 07:52:09.600172
107061.88,0.02897,sell,2025-07-02 07:52:09.600172
107061.91,0.15703,sell,2025-07-02 07:52:09.600172
107062.02,0.001,sell,2025-07-02 07:52:09.600172
107062.16,0.00014,sell,2025-07-02 07:52:09.600172
107062.2,0.00035,sell,2025-07-02 07:52:09.600172
107062.21,7e-05,sell,2025-07-02 07:52:09.600172
107062.28,0.03178,sell,2025-07-02 07:52:09.600172
107062.5,0.00036,sell,2025-07-02 07:52:09.600172
107062.54,8e-05,sell,2025-07-02 07:52:09.600172
107062.59,0.37118,sell,2025-07-02 07:52:09.600172
107062.71,0.04497,sell,2025-07-02 07:52:09.600172
107062.9,0.00035,sell,2025-07-02 07:52:09.600172
107062.94,0.048,sell,2025-07-02 07:52:09.600172
107062.96,0.15,sell,2025-07-02 07:52:09.600172
107063.1,0.0001,sell,2025-07-02 07:52:09.600172
107063.16,0.02243,sell,2025-07-02 07:52:09.600172
107063.34,0.04497,sell,2025-07-02 07:52:09.600172
107063.35,7e-05,sell,2025-07-02 07:52:09.600172
107063.41,9e-05,sell,2025-07-02 07:52:09.600172
107063.43,0.00074,sell,2025-07-02 07:52:09.600172
107063.49,0.00093,sell,2025-07-02 07:52:09.600172
107063.56,5e-05,sell,2025-07-02 07:52:09.600172
107063.6,0.00035,sell,2025-07-02 07:52:09.600172
107063.64,0.04497,sell,2025-07-02 07:52:09.600172
107063.73,7e-05,sell,2025-07-02 07:52:09.600172
107063.76,0.00467,sell,2025-07-02 07:52:09.600172
107063.8,0.00147,sell,2025-07-02 07:52:09.600172
107063.81,0.00058,sell,2025-07-02 07:52:09.600172
107063.96,0.04497,sell,2025-07-02 07:52:09.600172
107064.0,0.04835,sell,2025-07-02 07:52:09.600172
107064.01,0.001,sell,2025-07-02 07:52:09.600172
107064.1,0.07231,sell,2025-07-02 07:52:09.600172
107064.18,0.06248,sell,2025-07-02 07:52:09.600172
107064.19,0.072,sell,2025-07-02 07:52:09.600172
107064.2,0.03005,sell,2025-07-02 07:52:09.600172
107064.22,0.00013,sell,2025-07-02 07:52:09.600172
107064.29,7e-05,sell,2025-07-02 07:52:09.600172
107064.3,0.00035,sell,2025-07-02 07:52:09.600172
107064.31,5e-05,sell,2025-07-02 07:52:09.600172
107064.33,0.02803,sell,2025-07-02 07:52:09.600172
107064.42,0.02991,sell,2025-07-02 07:52:09.600172
107064.51,0.00028,sell,2025-07-02 07:52:09.600172
107064.53,7e-05,sell,2025-07-02 07:52:09.600172
107064.54,0.46943,sell,2025-07-02 07:52:09.600172
107064.65,0.00013,sell,2025-07-02 07:52:09.600172
107064.89,0.04497,sell,2025-07-02 07:52:09.600172
107064.96,0.00049,sell,2025-07-02 07:52:09.600172
107065.0,0.00042,sell,2025-07-02 07:52:09.600172
107065.01,0.00012,sell,2025-07-02 07:52:09.600172
107065.13,0.04497,sell,2025-07-02 07:52:09.600172
107065.16,0.02897,sell,2025-07-02 07:52:09.600172
107065.19,0.02897,sell,2025-07-02 07:52:09.600172
107065.42,0.04498,sell,2025-07-02 07:52:09.600172
107065.43,0.0001,sell,2025-07-02 07:52:09.600172
107065.44,0.00016,sell,2025-07-02 07:52:09.600172
107065.5,0.0002,sell,2025-07-02 07:52:09.600172
107065.51,0.00263,sell,2025-07-02 07:52:09.600172
107065.63,0.00029,sell,2025-07-02 07:52:09.600172
107065.7,0.00035,sell,2025-07-02 07:52:09.600172
107065.74,6e-05,sell,2025-07-02 07:52:09.600172
107065.8,0.01859,sell,2025-07-02 07:52:09.600172
107065.83,0.03178,sell,2025-07-02 07:52:09.600172
107065.89,0.00019,sell,2025-07-02 07:52:09.600172
107065.9,0.04497,sell,2025-07-02 07:52:09.600172
107065.96,0.00399,sell,2025-07-02 07:52:09.600172
107065.99,0.04497,sell,2025-07-02 07:52:09.600172
107066.18,0.00017,sell,2025-07-02 07:52:09.600172
107066.24,6e-05,sell,2025-07-02 07:52:09.600172
107066.33,0.0299,sell,2025-07-02 07:52:09.600172
107066.35,0.0001,sell,2025-07-02 07:52:09.600172
107066.51,5e-05,sell,2025-07-02 07:52:09.600172
107066.56,0.02243,sell,2025-07-02 07:52:09.600172
107066.66,0.0117,sell,2025-07-02 07:52:09.600172
107066.69,6e-05,sell,2025-07-02 07:52:09.600172
107066.7,5e-05,sell,2025-07-02 07:52:09.600172
107066.71,0.00085,sell,2025-07-02 07:52:09.600172
107066.72,0.00519,sell,2025-07-02 07:52:09.600172
107066.76,0.0001,sell,2025-07-02 07:52:09.600172
107066.87,0.00015,sell,2025-07-02 07:52:09.600172
107067.0,0.0001,sell,2025-07-02 07:52:09.600172
107067.02,8e-05,sell,2025-07-02 07:52:09.600172
107067.03,0.072,sell,2025-07-02 07:52:09.600172
107067.1,0.04498,sell,2025-07-02 07:52:09.600172
107067.19,0.04497,sell,2025-07-02 07:52:09.600172
107067.36,0.04497,sell,2025-07-02 07:52:09.600172
107067.43,0.02803,sell,2025-07-02 07:52:09.600172
107067.44,0.04497,sell,2025-07-02 07:52:09.600172
107067.45,0.11151,sell,2025-07-02 07:52:09.600172
107067.66,0.02991,sell,2025-07-02 07:52:09.600172
107067.71,0.00073,sell,2025-07-02 07:52:09.600172
107067.75,0.0108,sell,2025-07-02 07:52:09.600172
107067.88,6e-05,sell,2025-07-02 07:52:09.600172
107067.96,0.00011,sell,2025-07-02 07:52:09.600172
107068.0,0.93131,sell,2025-07-02 07:52:09.600172
107068.2,0.00131,sell,2025-07-02 07:52:09.600172
107068.23,0.14999,sell,2025-07-02 07:52:09.600172
107068.42,0.02897,sell,2025-07-02 07:52:09.600172
107068.47,0.00011,sell,2025-07-02 07:52:09.600172
107068.48,0.02897,sell,2025-07-02 07:52:09.600172
107068.49,0.02804,sell,2025-07-02 07:52:09.600172
107068.52,0.0624,sell,2025-07-02 07:52:09.600172
107068.72,0.00056,sell,2025-07-02 07:52:09.600172
107068.75,7e-05,sell,2025-07-02 07:52:09.600172
107068.77,8e-05,sell,2025-07-02 07:52:09.600172
107068.93,0.585,sell,2025-07-02 07:52:09.600172
107068.96,0.00013,sell,2025-07-02 07:52:09.600172
107068.98,0.01,sell,2025-07-02 07:52:09.600172
107069.11,0.25046,sell,2025-07-02 07:52:09.600172
107069.13,0.0299,sell,2025-07-02 07:52:09.600172
107069.47,0.03178,sell,2025-07-02 07:52:09.600172
107069.53,0.072,sell,2025-07-02 07:52:09.600172
107069.55,0.0576,sell,2025-07-02 07:52:09.600172
107069.6,5e-05,sell,2025-07-02 07:52:09.600172
107069.7,0.03084,sell,2025-07-02 07:52:09.600172
107069.73,1.47106,sell,2025-07-02 07:52:09.600172
107069.74,0.03178,sell,2025-07-02 07:52:09.600172
107069.81,0.04578,sell,2025-07-02 07:52:09.600172
107069.96,0.00463,sell,2025-07-02 07:52:09.600172
107070.04,0.00112,sell,2025-07-02 07:52:09.600172
107070.13,0.02803,sell,2025-07-02 07:52:09.600172
107070.18,0.00028,sell,2025-07-02 07:52:09.600172
107070.23,0.00507,sell,2025-07-02 07:52:09.600172
107070.26,0.00079,sell,2025-07-02 07:52:09.600172
107070.29,0.00133,sell,2025-07-02 07:52:09.600172
107070.3,0.00019,sell,2025-07-02 07:52:09.600172
107070.35,0.02897,sell,2025-07-02 07:52:09.600172
107070.38,6e-05,sell,2025-07-02 07:52:09.600172
107070.4,0.02897,sell,2025-07-02 07:52:09.600172
107070.43,0.02243,sell,2025-07-02 07:52:09.600172
107070.51,7e-05,sell,2025-07-02 07:52:09.600172
107070.69,0.0299,sell,2025-07-02 07:52:09.600172
107070.93,0.00788,sell,2025-07-02 07:52:09.600172
107070.94,0.00043,sell,2025-07-02 07:52:09.600172
107071.42,5e-05,sell,2025-07-02 07:52:09.600172
107071.47,0.0018,sell,2025-07-02 07:52:09.600172
107071.67,0.0299,sell,2025-07-02 07:52:09.600172
107071.71,0.07558,sell,2025-07-02 07:52:09.600172
107071.73,0.00094,sell,2025-07-02 07:52:09.600172
107071.78,0.02897,sell,2025-07-02 07:52:09.600172
107071.79,8e-05,sell,2025-07-02 07:52:09.600172
107071.82,0.00017,sell,2025-07-02 07:52:09.600172
107071.97,8e-05,sell,2025-07-02 07:52:09.600172
107072.0,0.00035,sell,2025-07-02 07:52:09.600172
107072.1,0.28047,sell,2025-07-02 07:52:09.600172
107072.31,8e-05,sell,2025-07-02 07:52:09.600172
107072.43,0.01286,sell,2025-07-02 07:52:09.600172
107072.45,0.27645,sell,2025-07-02 07:52:09.600172
107072.48,0.03178,sell,2025-07-02 07:52:09.600172
107072.53,0.05596,sell,2025-07-02 07:52:09.600172
107072.64,0.02803,sell,2025-07-02 07:52:09.600172
107072.79,0.02803,sell,2025-07-02 07:52:09.600172
107073.01,7e-05,sell,2025-07-02 07:52:09.600172
107073.04,0.05597,sell,2025-07-02 07:52:09.600172
107073.16,0.03084,sell,2025-07-02 07:52:09.600172
107073.27,0.00018,sell,2025-07-02 07:52:09.600172
107073.28,5e-05,sell,2025-07-02 07:52:09.600172
107073.29,0.0001,sell,2025-07-02 07:52:09.600172
107073.34,0.00029,sell,2025-07-02 07:52:09.600172
107073.49,0.0027,sell,2025-07-02 07:52:09.600172
107073.63,0.00011,sell,2025-07-02 07:52:09.600172
107073.7,0.00024,sell,2025-07-02 07:52:09.600172
107073.8,7e-05,sell,2025-07-02 07:52:09.600172
107073.82,0.0299,sell,2025-07-02 07:52:09.600172
107073.87,0.00024,sell,2025-07-02 07:52:09.600172
107073.89,9e-05,sell,2025-07-02 07:52:09.600172
107073.93,0.03177,sell,2025-07-02 07:52:09.600172
107074.0,5e-05,sell,2025-07-02 07:52:09.600172
107074.07,5e-05,sell,2025-07-02 07:52:09.600172
107074.1,0.0299,sell,2025-07-02 07:52:09.600172
107074.14,5e-05,sell,2025-07-02 07:52:09.600172
107074.15,0.02243,sell,2025-07-02 07:52:09.600172
107074.28,0.02897,sell,2025-07-02 07:52:09.600172
107074.43,0.02897,sell,2025-07-02 07:52:09.600172
107074.6,0.55476,sell,2025-07-02 07:52:09.600172
107074.69,0.05596,sell,2025-07-02 07:52:09.600172
107074.89,0.00013,sell,2025-07-02 07:52:09.600172
107074.9,0.6215,sell,2025-07-02 07:52:09.600172
107074.92,0.02898,sell,2025-07-02 07:52:09.600172
107074.94,0.00022,sell,2025-07-02 07:52:09.600172
107075.0,9e-05,sell,2025-07-02 07:52:09.600172
107075.01,0.03099,sell,2025-07-02 07:52:09.600172
107075.02,8e-05,sell,2025-07-02 07:52:09.600172
107075.03,0.03178,sell,2025-07-02 07:52:09.600172
107075.08,0.05596,sell,2025-07-02 07:52:09.600172
107075.14,0.00016,sell,2025-07-02 07:52:09.600172
107075.2,0.37396,sell,2025-07-02 07:52:09.600172
107075.27,0.02661,sell,2025-07-02 07:52:09.600172
107075.4,0.05597,sell,2025-07-02 07:52:09.600172
107075.43,0.0299,sell,2025-07-02 07:52:09.600172
107075.44,0.00061,sell,2025-07-02 07:52:09.600172
107075.6,9e-05,sell,2025-07-02 07:52:09.600172
107075.63,0.00037,sell,2025-07-02 07:52:09.600172
107075.75,0.00014,sell,2025-07-02 07:52:09.600172
107075.8,0.02803,sell,2025-07-02 07:52:09.600172
107075.86,0.00034,sell,2025-07-02 07:52:09.600172
107075.96,8e-05,sell,2025-07-02 07:52:09.600172
107076.0,0.00035,sell,2025-07-02 07:52:09.600172
107076.07,0.00018,sell,2025-07-02 07:52:09.600172
107076.2,0.00085,sell,2025-07-02 07:52:09.600172
107076.22,0.00055,sell,2025-07-02 07:52:09.600172
107076.29,0.05596,sell,2025-07-02 07:52:09.600172
107076.35,0.0001,sell,2025-07-02 07:52:09.600172
107076.56,0.92696,sell,2025-07-02 07:52:09.600172
107076.66,0.02617,sell,2025-07-02 07:52:09.600172
107076.75,6e-05,sell,2025-07-02 07:52:09.600172
107076.85,0.05597,sell,2025-07-02 07:52:09.600172
107076.87,7e-05,sell,2025-07-02 07:52:09.600172
107076.89,0.0003,sell,2025-07-02 07:52:09.600172
107076.92,0.00202,sell,2025-07-02 07:52:09.600172
107077.03,0.02803,sell,2025-07-02 07:52:09.600172
107077.12,7e-05,sell,2025-07-02 07:52:09.600172
107077.22,0.02616,sell,2025-07-02 07:52:09.600172
107077.26,0.03177,sell,2025-07-02 07:52:09.600172
107077.34,0.00032,sell,2025-07-02 07:52:09.600172
107077.41,0.05596,sell,2025-07-02 07:52:09.600172
107077.47,0.55474,sell,2025-07-02 07:52:09.600172
